-- phpMyAdmin SQL Dump
-- version 3.5.1
-- http://www.phpmyadmin.net
--
-- Servidor: localhost
-- Tiempo de generación: 06-06-2019 a las 12:18:31
-- Versión del servidor: 5.5.24-log
-- Versión de PHP: 5.4.3

SET SQL_MODE="NO_AUTO_VALUE_ON_ZERO";
SET time_zone = "+00:00";


/*!40101 SET @OLD_CHARACTER_SET_CLIENT=@@CHARACTER_SET_CLIENT */;
/*!40101 SET @OLD_CHARACTER_SET_RESULTS=@@CHARACTER_SET_RESULTS */;
/*!40101 SET @OLD_COLLATION_CONNECTION=@@COLLATION_CONNECTION */;
/*!40101 SET NAMES utf8 */;

--
-- Base de datos: `mototaxis`
--

-- --------------------------------------------------------

--
-- Estructura de tabla para la tabla `barrios`
--

CREATE TABLE IF NOT EXISTS `barrios` (
  `id_barrio` smallint(4) NOT NULL AUTO_INCREMENT,
  `nomb_barrio` varchar(70) COLLATE utf8_unicode_ci NOT NULL,
  `id_municipio` smallint(4) NOT NULL,
  PRIMARY KEY (`id_barrio`),
  KEY `fk4` (`id_municipio`) USING BTREE
) ENGINE=InnoDB  DEFAULT CHARSET=utf8 COLLATE=utf8_unicode_ci AUTO_INCREMENT=213 ;

--
-- Volcado de datos para la tabla `barrios`
--

INSERT INTO `barrios` (`id_barrio`, `nomb_barrio`, `id_municipio`) VALUES
(1, 'ALAMEDA LA VICTORIA', 150),
(2, 'ALBORNOZ', 150),
(3, 'ALCIBIA', 150),
(4, 'ALMIRANTE COLON', 150),
(5, 'ALTO BOSQUE', 150),
(6, 'ALTOS DE SAN ISIDRO', 150),
(7, 'AMBERES', 150),
(8, 'ANITA', 120),
(9, 'ANTONIO JOSE DE SUCRE', 150),
(10, 'ARARCA', 150),
(11, 'ARCHIPIELAGO SAN BERNARDO', 150),
(12, 'ARMENIA', 150),
(13, 'ARROYO DE LAS CANOAS', 150),
(14, 'ARROYO DE PIEDRA', 150),
(15, 'ARROYO GRANDE', 150),
(16, 'ARROZ BARATO', 150),
(17, 'BARRIO CHINO', 150),
(18, 'BARU', 150),
(19, 'BAYUNCA', 150),
(20, 'BELLAVISTA', 150),
(21, 'BLAS DE LEZO', 150),
(22, 'BOCACHICA', 150),
(23, 'BOCAGRANDE', 150),
(24, 'BOSQUECITO', 150),
(25, 'BOSTON', 150),
(26, 'BRUSELAS', 150),
(27, 'BUENOS AIRES', 150),
(28, 'CALAMARES', 150),
(29, 'CAMAGUEY', 150),
(30, 'CAMILO TORRES', 150),
(31, 'CANAPOTE', 150),
(32, 'CASTILLOGRANDE', 150),
(33, 'CANO DEL ORO', 150),
(34, 'CEBALLOS', 150),
(35, 'CENTRO', 150),
(36, 'CERRO DE LA POPA', 150),
(37, 'CESAR FLOREZ', 150),
(38, 'CHAMBACU', 150),
(39, 'CHAPACUA', 150),
(40, 'CHIPRE', 150),
(41, 'CHIQUINQUIRA', 150),
(42, 'CIUDAD BICENTENARIO', 150),
(43, 'CIUDADELA 11 DE NOVIEMBRE', 150),
(44, 'CIUDADELA 2000', 150),
(45, 'CRESPO', 150),
(46, 'DANIEL LEMAITRE', 150),
(47, 'EL BOSQUE', 150),
(48, 'EL CABRERO', 150),
(49, 'EL CAMPESTRE', 150),
(50, 'EL CARMELO', 150),
(51, 'EL CARMEN', 150),
(52, 'EL COUNTRY', 150),
(53, 'EL EDUCADOR', 150),
(54, 'EL GALLO', 150),
(55, 'EL LAGUITO', 150),
(56, 'EL LIBERTADOR', 150),
(57, 'EL MILAGRO', 150),
(58, 'EL POZON', 150),
(59, 'EL PRADO', 150),
(60, 'EL RECREO', 150),
(61, 'EL REPOSO', 150),
(62, 'EL SOCORRO', 150),
(63, 'ESCALLON VILLA', 150),
(64, 'ESPANA', 150),
(65, 'ESPINAL', 150),
(66, 'FLOR DEL CAMPO', 150),
(67, 'FREDONIA', 150),
(68, 'GETSEMANI', 150),
(69, 'HENEQUEN', 150),
(70, 'ISLA FUERTE', 150),
(71, 'ISLAS DEL ROSARIO', 150),
(72, 'JAIME PARDO LEAL', 150),
(73, 'JORGE ELIECER GAITAN', 150),
(74, 'JOSE ANTONIO GALAN', 150),
(75, 'JUAN XXIII', 150),
(76, 'JUNIN', 150),
(77, 'LA BOQUILLA', 150),
(78, 'LA CAMPINA', 150),
(79, 'LA CANDELARIA', 150),
(80, 'LA CAROLINA', 150),
(81, 'LA CASTELLANA', 150),
(82, 'LA CENTRAL', 150),
(83, 'LA CONCEPCION', 150),
(84, 'LA CONSOLATA', 150),
(85, 'LA ESMERALDA I', 150),
(86, 'LA ESMERALDA II', 150),
(87, 'LA ESPERANZA', 150),
(88, 'LA FLORESTA', 150),
(89, 'LA FLORIDA', 150),
(90, 'LA INDIA', 150),
(91, 'LA MARIA', 150),
(92, 'LA MATUNA', 150),
(93, 'LA PAZ', 150),
(94, 'LA QUINTA', 150),
(95, 'LA SIERRITA', 150),
(96, 'LA TRONCAL', 150),
(97, 'LA VICTORIA', 150),
(98, 'LAS BRISAS', 150),
(99, 'LAS DELICIAS', 150),
(100, 'LAS EUROPAS', 150),
(101, 'LAS GAVIOTAS', 150),
(102, 'LAS PALMERAS', 150),
(103, 'LETICIA', 150),
(104, 'LO AMADOR', 150),
(105, 'LOMA FRESCA', 150),
(106, 'LOS ALPES', 150),
(107, 'LOS ANGELES', 150),
(108, 'LOS CARACOLES', 150),
(109, 'LOS CERROS', 150),
(110, 'LOS COMUNEROS', 150),
(111, 'LOS CORALES', 150),
(112, 'LOS EJECUTIVOS', 150),
(113, 'LOS JARDINES', 150),
(114, 'LOS SANTANDERES', 150),
(115, 'LUIS CARLOS GALAN', 150),
(116, 'MAMONAL', 150),
(117, 'MANGA', 150),
(118, 'MANUELA VERGARA DE CURI', 150),
(119, 'MANZANILLO DEL MAR', 150),
(120, 'MARBELLA', 150),
(121, 'MARIA CANO', 150),
(122, 'MARTINEZ MARTELO', 150),
(123, 'MEMBRILLAL', 150),
(124, 'NARINO', 150),
(125, 'NAZARENO', 150),
(126, 'NELSON MANDELA', 150),
(127, 'NUEVA DELHI', 150),
(128, 'NUEVA GRANADA', 150),
(129, 'NUEVA JERUSALEN', 150),
(130, 'NUEVE DE ABRIL', 150),
(131, 'NUEVO BOSQUE', 150),
(132, 'NUEVO PARAISO', 150),
(133, 'NUEVO PORVENIR', 150),
(134, 'OLAYA ST. CENTRAL', 150),
(135, 'OLAYA ST. LA MAGDALENA', 150),
(136, 'OLAYA ST. LA PUNTILLA', 150),
(137, 'OLAYA ST. PLAYA BLANCA', 150),
(138, 'OLAYA ST. PROGRESO', 150),
(139, 'OLAYA ST. RAFAEL NUNEZ', 150),
(140, 'OLAYA ST. RICAURTE', 150),
(141, 'OLAYA ST. STELLA', 150),
(142, 'OLAYA ST. ZARABANDA', 150),
(143, 'OLAYA ST.11 DE NOVIEMBRE', 150),
(144, 'OLAYA VILLA OLIMPICA', 150),
(145, 'PABLO VI - I', 150),
(146, 'PABLO VI - II', 150),
(147, 'PALESTINA', 150),
(148, 'PARAGUAY', 150),
(149, 'PARAISO II', 150),
(150, 'PASACABALLOS', 150),
(151, 'PEDRO SALAZAR', 150),
(152, 'PETARE', 150),
(153, 'PIE DE LA POPA', 150),
(154, 'PIE DEL CERRO', 150),
(155, 'PIEDRA DE BOLIVAR', 150),
(156, 'POLICARPA', 150),
(157, 'PONTEZUELA', 150),
(158, 'PROVIDENCIA', 150),
(159, 'PUERTA DE HIERRO', 150),
(160, 'PUERTO REY', 150),
(161, 'PUNTA ARENAS', 150),
(162, 'PUNTA CANOA', 150),
(163, 'RECREO', 150),
(164, 'REPUBLICA DE CHILE', 150),
(165, 'REPUBLICA DE VENEZUELA', 150),
(166, 'REPUBLICA DEL CARIBE', 150),
(167, 'REPUBLICA DEL LIBANO', 150),
(168, 'ROSSEDAL', 150),
(169, 'RUBI', 150),
(170, 'SAN ANTONIO', 150),
(171, 'SAN BERNARDO', 150),
(172, 'SAN DIEGO', 150),
(173, 'SAN FERNANDO', 150),
(174, 'SAN FRANCISCO', 150),
(175, 'SAN ISIDRO', 150),
(176, 'SAN JOSE DE LOS CAMPANOS', 150),
(177, 'SAN JOSE OBRERO', 150),
(178, 'SAN PEDRO', 150),
(179, 'SAN PEDRO MARTIR', 150),
(180, 'SAN PEDRO Y LIBERTAD', 150),
(181, 'SANTA CLARA', 150),
(182, 'SANTA LUCIA', 150),
(183, 'SANTA MARIA', 150),
(184, 'SANTA MONICA', 150),
(185, 'SANTANA', 150),
(186, 'SECTORES UNIDOS', 150),
(187, 'SIETE DE AGOSTO', 150),
(188, 'TACARIGUA', 150),
(189, 'TERNERA', 150),
(190, 'TESCA', 150),
(191, 'TIERRA BAJA', 150),
(192, 'TIERRA BOMBA', 150),
(193, 'TORICES', 150),
(194, 'TRECE DE JUNIO', 150),
(195, 'URBANIZACION COLOMBIATON', 150),
(196, 'URBANIZACION SIMON BOLIVAR', 150),
(197, 'VEINTE DE JULIO SUR', 150),
(198, 'VIEJO PORVENIR', 150),
(199, 'VILLA BARRAZA', 150),
(200, 'VILLA ESTRELLA', 150),
(201, 'VILLA FANNY', 150),
(202, 'VILLA HERMOSA', 150),
(203, 'VILLA ROSA', 150),
(204, 'VILLA ROSITA', 150),
(205, 'VILLA RUBIA', 150),
(206, 'VILLA SANDRA', 150),
(207, 'VILLAS DE ARANJUEZ', 150),
(208, 'VILLAS DE LA CANDELARIA', 150),
(209, 'VISTA HERMOSA', 150),
(210, 'ZAPATERO', 150),
(211, 'ZARAGOCILLA', 150),
(212, 'ZONA INDUSTRIAL', 150);

-- --------------------------------------------------------

--
-- Estructura de tabla para la tabla `cargos`
--

CREATE TABLE IF NOT EXISTS `cargos` (
  `id_cargo` tinyint(3) NOT NULL AUTO_INCREMENT,
  `nomb_cargo` varchar(255) COLLATE utf8_unicode_ci NOT NULL,
  PRIMARY KEY (`id_cargo`)
) ENGINE=InnoDB  DEFAULT CHARSET=utf8 COLLATE=utf8_unicode_ci AUTO_INCREMENT=6 ;

--
-- Volcado de datos para la tabla `cargos`
--

INSERT INTO `cargos` (`id_cargo`, `nomb_cargo`) VALUES
(1, 'Técnico'),
(2, 'Tecnólogo'),
(3, 'Profesional'),
(4, 'Auxiliar'),
(5, 'Secretaria');

-- --------------------------------------------------------

--
-- Estructura de tabla para la tabla `cursos`
--

CREATE TABLE IF NOT EXISTS `cursos` (
  `id_curso` smallint(4) NOT NULL AUTO_INCREMENT,
  `nomb_curso` varchar(255) COLLATE utf8_unicode_ci NOT NULL,
  PRIMARY KEY (`id_curso`)
) ENGINE=InnoDB  DEFAULT CHARSET=utf8 COLLATE=utf8_unicode_ci AUTO_INCREMENT=6 ;

--
-- Volcado de datos para la tabla `cursos`
--

INSERT INTO `cursos` (`id_curso`, `nomb_curso`) VALUES
(1, 'Ninguno'),
(2, 'Cocina'),
(3, 'Conducion'),
(4, 'Enfermeria'),
(5, 'Peluqueria');

-- --------------------------------------------------------

--
-- Estructura de tabla para la tabla `departamentos`
--

CREATE TABLE IF NOT EXISTS `departamentos` (
  `id_departamento` smallint(4) NOT NULL,
  `nomb_departamento` varchar(50) COLLATE utf8_unicode_ci NOT NULL,
  `id_pais` smallint(4) NOT NULL,
  PRIMARY KEY (`id_departamento`),
  KEY `fk2` (`id_pais`)
) ENGINE=InnoDB DEFAULT CHARSET=utf8 COLLATE=utf8_unicode_ci;

--
-- Volcado de datos para la tabla `departamentos`
--

INSERT INTO `departamentos` (`id_departamento`, `nomb_departamento`, `id_pais`) VALUES
(5, 'ANTIOQUIA', 1),
(8, 'ATLANTICO', 1),
(11, 'BOGOTA', 1),
(13, 'BOLIVAR', 1),
(15, 'BOYACA', 1),
(17, 'CALDAS', 1),
(18, 'CAQUETA', 1),
(19, 'CAUCA', 1),
(20, 'CESAR', 1),
(23, 'CORDOBA', 1),
(25, 'CUNDINAMARCA', 1),
(27, 'CHOCO', 1),
(41, 'HUILA', 1),
(44, 'LA GUAJIRA', 1),
(47, 'MAGDALENA', 1),
(50, 'META', 1),
(52, 'NARINO', 1),
(54, 'NORTE DE SANTANDER', 1),
(63, 'QUINDIO', 1),
(66, 'RISARALDA', 1),
(68, 'SANTANDER', 1),
(70, 'SUCRE', 1),
(73, 'TOLIMA', 1),
(76, 'VALLE DEL CAUCA', 1),
(81, 'ARAUCA', 1),
(85, 'CASANARE', 1),
(86, 'PUTUMAYO', 1),
(88, 'SAN ANDRES', 1),
(91, 'AMAZONAS', 1),
(94, 'GUAINIA', 1),
(95, 'GUAVIARE', 1),
(97, 'VAUPES', 1),
(99, 'VICHADA', 1);

-- --------------------------------------------------------

--
-- Estructura de tabla para la tabla `entidades`
--

CREATE TABLE IF NOT EXISTS `entidades` (
  `id_entidad` tinyint(3) NOT NULL AUTO_INCREMENT,
  `nomb_entidad` varchar(255) COLLATE utf8_unicode_ci NOT NULL,
  PRIMARY KEY (`id_entidad`)
) ENGINE=InnoDB  DEFAULT CHARSET=utf8 COLLATE=utf8_unicode_ci AUTO_INCREMENT=16 ;

--
-- Volcado de datos para la tabla `entidades`
--

INSERT INTO `entidades` (`id_entidad`, `nomb_entidad`) VALUES
(1, 'Sena'),
(2, 'Educosta'),
(3, 'Esap'),
(4, 'comfenalco'),
(5, 'Instituto tecnico de la costa'),
(6, 'instituo tecnico del norte itn'),
(7, 'instituto tecnico carl-ros'),
(8, 'instituto de sistemas programar'),
(9, 'citucar'),
(10, 'institutocolombo bolivariano'),
(11, 'instecol cartagena'),
(12, 'instituto cartagena del mar'),
(13, 'emprender'),
(14, 'instituo compucaribe'),
(15, 'Instituto Bolivarinao Esdiseño');

-- --------------------------------------------------------

--
-- Estructura de tabla para la tabla `eps`
--

CREATE TABLE IF NOT EXISTS `eps` (
  `id_eps` smallint(4) NOT NULL AUTO_INCREMENT,
  `nomb_eps` varchar(100) COLLATE utf8_unicode_ci NOT NULL,
  PRIMARY KEY (`id_eps`)
) ENGINE=InnoDB  DEFAULT CHARSET=utf8 COLLATE=utf8_unicode_ci AUTO_INCREMENT=15 ;

--
-- Volcado de datos para la tabla `eps`
--

INSERT INTO `eps` (`id_eps`, `nomb_eps`) VALUES
(1, 'Ambuq'),
(2, 'Cajacopi'),
(3, 'Comfacor'),
(4, 'Comfasucre'),
(5, 'Comparta'),
(6, 'Coosalud'),
(7, 'Emdisalud'),
(8, 'Mutual Ser'),
(9, 'Nueva Eps'),
(10, 'Salud Vida'),
(11, 'Cafe Salud'),
(12, 'Coomeva'),
(13, 'Salud Total'),
(14, 'Sanitas');

-- --------------------------------------------------------

--
-- Estructura de tabla para la tabla `financiacionvivienda`
--

CREATE TABLE IF NOT EXISTS `financiacionvivienda` (
  `id_financiacion_vivienda` tinyint(3) NOT NULL AUTO_INCREMENT,
  `nomb_financiacion_vivienda` varchar(255) COLLATE utf8_unicode_ci NOT NULL,
  PRIMARY KEY (`id_financiacion_vivienda`)
) ENGINE=InnoDB  DEFAULT CHARSET=utf8 COLLATE=utf8_unicode_ci AUTO_INCREMENT=4 ;

--
-- Volcado de datos para la tabla `financiacionvivienda`
--

INSERT INTO `financiacionvivienda` (`id_financiacion_vivienda`, `nomb_financiacion_vivienda`) VALUES
(1, 'Préstamo Bancario'),
(2, 'Subsidio del Estado'),
(3, 'Recursos Propios');

-- --------------------------------------------------------

--
-- Estructura de tabla para la tabla `fondopensiones`
--

CREATE TABLE IF NOT EXISTS `fondopensiones` (
  `id_fondo_pension` smallint(4) NOT NULL AUTO_INCREMENT,
  `nomb_fondo_pension` varchar(100) COLLATE utf8_unicode_ci NOT NULL,
  PRIMARY KEY (`id_fondo_pension`)
) ENGINE=InnoDB  DEFAULT CHARSET=utf8 COLLATE=utf8_unicode_ci AUTO_INCREMENT=14 ;

--
-- Volcado de datos para la tabla `fondopensiones`
--

INSERT INTO `fondopensiones` (`id_fondo_pension`, `nomb_fondo_pension`) VALUES
(1, 'Colfondos'),
(2, 'Porvenir'),
(3, 'Proteccion'),
(4, 'Old Mutual'),
(5, 'Cax Dac'),
(6, 'Fonprecom'),
(7, 'Pensiones de Antioquia'),
(8, 'Colpensiones'),
(9, 'Old Mutual'),
(10, 'Acdac Aviadores'),
(11, 'Pensiones De Antioquia'),
(12, 'Ecopetrol'),
(13, 'Fondo de Prestaciones Sociales Del Magisterio');

-- --------------------------------------------------------

--
-- Estructura de tabla para la tabla `municipios`
--

CREATE TABLE IF NOT EXISTS `municipios` (
  `id_municipio` smallint(4) NOT NULL AUTO_INCREMENT,
  `nomb_municipio` varchar(50) COLLATE utf8_unicode_ci NOT NULL,
  `id_departamento` smallint(4) NOT NULL,
  PRIMARY KEY (`id_municipio`),
  KEY `fk3` (`id_departamento`)
) ENGINE=InnoDB  DEFAULT CHARSET=utf8 COLLATE=utf8_unicode_ci AUTO_INCREMENT=1113 ;

--
-- Volcado de datos para la tabla `municipios`
--

INSERT INTO `municipios` (`id_municipio`, `nomb_municipio`, `id_departamento`) VALUES
(1, 'CAICEDO', 5),
(2, 'CALDAS', 5),
(3, 'CAMPAMENTO', 5),
(4, 'CANASGORDAS', 5),
(5, 'CARACOLI', 5),
(6, 'CARAMANTA', 5),
(7, 'CAREPA', 5),
(8, 'CARMEN DE VIBORAL', 5),
(9, 'CAROLINA', 5),
(10, 'CAUCASIA', 5),
(11, 'CHIGORODO', 5),
(12, 'CISNEROS', 5),
(13, 'COCORNA', 5),
(14, 'CONCEPCION', 5),
(15, 'CONCORDIA', 5),
(16, 'COPACABANA', 5),
(17, 'DABEIBA', 5),
(18, 'DON MATIAS', 5),
(19, 'EBEJICO', 5),
(20, 'EL BAGRE', 5),
(21, 'SABANETA', 5),
(22, 'SALGAR', 5),
(23, 'SAN ANDRES', 5),
(24, 'SAN CARLOS', 5),
(25, 'SAN FRANCISCO', 5),
(26, 'SAN JERONIMO', 5),
(27, 'SAN JOSE DE LA MONTANA', 5),
(28, 'SAN JUAN DE URABA', 5),
(29, 'SAN LUIS', 5),
(30, 'SAN PEDRO', 5),
(31, 'SAN PEDRO DE URABA', 5),
(32, 'SAN RAFAEL', 5),
(33, 'SAN ROQUE', 5),
(34, 'SAN VICENTE', 5),
(35, 'SANTA BARBARA', 5),
(36, 'SANTA ROSA DE OSOS', 5),
(37, 'SANTO DOMINGO', 5),
(38, 'SANTUARIO', 5),
(39, 'SEGOVIA', 5),
(40, 'SONSON', 5),
(41, 'SOPETRAN', 5),
(42, 'TAMESIS', 5),
(43, 'TARAZA', 5),
(44, 'TARSO', 5),
(45, 'TITIRIBI', 5),
(46, 'TOLEDO', 5),
(47, 'TURBO', 5),
(48, 'URAMITA', 5),
(49, 'URRAO', 5),
(50, 'VALDIVIA', 5),
(51, 'VALPARAISO', 5),
(52, 'VEGACHI', 5),
(53, 'VENECIA', 5),
(54, 'VIGIA DEL FUERTE', 5),
(55, 'YALI', 5),
(56, 'YARUMAL', 5),
(57, 'YOLOMBO', 5),
(58, 'YONDO', 5),
(59, 'ZARAGOZA', 5),
(60, 'MEDELLIN', 5),
(61, 'ABEJORRAL', 5),
(62, 'ABRIAQUI', 5),
(63, 'ALEJANDRIA', 5),
(64, 'AMAGA', 5),
(65, 'AMALFI', 5),
(66, 'ANDES', 5),
(67, 'ANGELOPOLIS', 5),
(68, 'ANGOSTURA', 5),
(69, 'ANORI', 5),
(70, 'SANTAFE DE ANTIOQUIA', 5),
(71, 'ANZA', 5),
(72, 'APARTADO', 5),
(73, 'ARBOLETES', 5),
(74, 'ARGELIA', 5),
(75, 'ARMENIA', 5),
(76, 'BARBOSA', 5),
(77, 'BELMIRA', 5),
(78, 'BELLO', 5),
(79, 'BETANIA', 5),
(80, 'BETULIA', 5),
(81, 'CIUDAD BOLIVAR', 5),
(82, 'BRICENO', 5),
(83, 'BURITICA', 5),
(84, 'CACERES', 5),
(85, 'ENTRERRIOS', 5),
(86, 'ENVIGADO', 5),
(87, 'FREDONIA', 5),
(88, 'FRONTINO', 5),
(89, 'GIRALDO', 5),
(90, 'GIRARDOTA', 5),
(91, 'GOMEZ PLATA', 5),
(92, 'GRANADA', 5),
(93, 'GUADALUPE', 5),
(94, 'GUARNE', 5),
(95, 'GUATAPE', 5),
(96, 'HELICONIA', 5),
(97, 'HISPANIA', 5),
(98, 'ITAGUI', 5),
(99, 'ITUANGO', 5),
(100, 'JARDIN', 5),
(101, 'JERICO', 5),
(102, 'LA CEJA', 5),
(103, 'LA ESTRELLA', 5),
(104, 'LA PINTADA', 5),
(105, 'LA UNION', 5),
(106, 'LIBORINA', 5),
(107, 'MACEO', 5),
(108, 'MARINILLA', 5),
(109, 'MONTEBELLO', 5),
(110, 'MURINDO', 5),
(111, 'MUTATA', 5),
(112, 'NARINO', 5),
(113, 'NECOCLI', 5),
(114, 'NECHI', 5),
(115, 'OLAYA', 5),
(116, 'PENOL', 5),
(117, 'PEQUE', 5),
(118, 'PUEBLORRICO', 5),
(119, 'PUERTO BERRIO', 5),
(120, 'PUERTO NARE', 5),
(121, 'PUERTO TRIUNFO', 5),
(122, 'REMEDIOS', 5),
(123, 'RETIRO', 5),
(124, 'RIONEGRO', 5),
(125, 'SABANALARGA', 5),
(126, 'BARRANQUILLA', 8),
(127, 'USIACURI', 8),
(128, 'CAMPO DE LA CRUZ', 8),
(129, 'CANDELARIA', 8),
(130, 'GALAPA', 8),
(131, 'JUAN DE ACOSTA', 8),
(132, 'LORUACO', 8),
(133, 'MALAMBO', 8),
(134, 'MANATI', 8),
(135, 'PALMAR DE VARELA', 8),
(136, 'PIOJO', 8),
(137, 'POLONUEVO', 8),
(138, 'PONEDERA', 8),
(139, 'PUERTO COLOMBIA', 8),
(140, 'REPELON', 8),
(141, 'SABANAGRANDE', 8),
(142, 'SABANALARGA', 8),
(143, 'SANTA LUCIA', 8),
(144, 'SANTO TOMAS', 8),
(145, 'SOLEDAD', 8),
(146, 'SUAN', 8),
(147, 'TUBARA', 8),
(148, 'BARANOA', 8),
(149, 'BOGOTA D.C.', 11),
(150, 'CARTAGENA DE INDIAS, DISTRITO TURISTICO Y CULTURAL', 13),
(151, 'ALTOS DEL ROSARIO', 13),
(152, 'ARENAL', 13),
(153, 'ARJONA', 13),
(154, 'ARROYOHONDO', 13),
(155, 'BARRANCO DE LOBA', 13),
(156, 'CALAMAR', 13),
(157, 'CANTAGALLO', 13),
(158, 'CICUCO', 13),
(159, 'CORDOBA', 13),
(160, 'CLEMENCIA', 13),
(161, 'EL CARMEN DE BOLIVAR', 13),
(162, 'EL GUAMO', 13),
(163, 'EL PENON', 13),
(164, 'HATILLO DE LOBA', 13),
(165, 'MAGANGUE', 13),
(166, 'MAHATES', 13),
(167, 'MARGARITA', 13),
(168, 'MARIA LA BAJA', 13),
(169, 'MONTE CRISTO', 13),
(170, 'MOMPOS', 13),
(171, 'MORALES', 13),
(172, 'PINILLOS', 13),
(173, 'REGIDOR', 13),
(174, 'RIO VIEJO', 13),
(175, 'SAN CRISTOBAL', 13),
(176, 'SAM ESTANISLAO', 13),
(177, 'SAN FERNANDO', 13),
(178, 'SAN JACINTO', 13),
(179, 'SAN JACINTO DEL CAUCA', 13),
(180, 'SAN JUAN NEPOMUCENO', 13),
(181, 'SAN MARTIN DE LOBA', 13),
(182, 'SAN PABLO', 13),
(183, 'SANTA CATALINA', 13),
(184, 'SANTA ROSA', 13),
(185, 'SANTA ROSA DEL SUR', 13),
(186, 'SIMITI', 13),
(187, 'SOPLAVIENTO', 13),
(188, 'TALAIGUA NUEVO', 13),
(189, 'TIQUISO', 13),
(190, 'TURBACO', 13),
(191, 'TURBANA', 13),
(192, 'VILLANUEVA', 13),
(193, 'ZAMBRANO', 13),
(194, 'ACHI', 13),
(195, 'NOBSA', 15),
(196, 'NUEVO COLON', 15),
(197, 'OICATA', 15),
(198, 'OTANCHE', 15),
(199, 'PACHAVITA', 15),
(200, 'PAEZ', 15),
(201, 'PAIPA', 15),
(202, 'PAJARITO', 15),
(203, 'PANQUEBA', 15),
(204, 'PAUNA', 15),
(205, 'PAYA', 15),
(206, 'PAZ DE RIO', 15),
(207, 'PESCA', 15),
(208, 'PISBA', 15),
(209, 'PUERTO BOYACA', 15),
(210, 'QUIPAMA', 15),
(211, 'RAMIRIQUI', 15),
(212, 'RAQUIRA', 15),
(213, 'RONDON', 15),
(214, 'SABOYA', 15),
(215, 'SACHICA', 15),
(216, 'SAMACA', 15),
(217, 'SAN EDUARDO', 15),
(218, 'SAN JOSE DE PARE', 15),
(219, 'SAN LUIS DE GACENO', 15),
(220, 'SAN MATEO', 15),
(221, 'SAN MIGUEL DE SEMA', 15),
(222, 'SAN PABLO BORBUR', 15),
(223, 'SANTANA', 15),
(224, 'SANTA MARIA', 15),
(225, 'SAN ROSA VITERBO', 15),
(226, 'SANTA SOFIA', 15),
(227, 'SATIVANORTE', 15),
(228, 'SARIVASUR', 15),
(229, 'SIACHOQUE', 15),
(230, 'SOATA', 15),
(231, 'SOCOTA', 15),
(232, 'SOCHA', 15),
(233, 'SOGAMOSO', 15),
(234, 'SOMONDOCO', 15),
(235, 'SORA', 15),
(236, 'SOTAQUIRA', 15),
(237, 'SORACA', 15),
(238, 'SUSACON', 15),
(239, 'SUTAMARCHAN', 15),
(240, 'SUTATENZA', 15),
(241, 'TASCO', 15),
(242, 'TENZA', 15),
(243, 'TIBANA', 15),
(244, 'TIBASOSA', 15),
(245, 'TINJACA', 15),
(246, 'TIPACOQUE', 15),
(247, 'TOCA', 15),
(248, 'TOGUI', 15),
(249, 'TOPAGA', 15),
(250, 'TOTA', 15),
(251, 'TUNUNGUA', 15),
(252, 'TURMEQUE', 15),
(253, 'TUTA', 15),
(254, 'TUTAZA', 15),
(255, 'UMBITA', 15),
(256, 'VENTAQUEMADA', 15),
(257, 'VIRACACHA', 15),
(258, 'ZETAQUIRA', 15),
(259, 'TUNJA', 15),
(260, 'ALMEIDA', 15),
(261, 'AQUITANIA', 15),
(262, 'ARCABUCO', 15),
(263, 'BELEN', 15),
(264, 'BERBEO', 15),
(265, 'BETEITIVA', 15),
(266, 'BOAVITA', 15),
(267, 'BOYACA', 15),
(268, 'BRICENO', 15),
(269, 'BUENAVISTA', 15),
(270, 'BUSBANZA', 15),
(271, 'CALDAS', 15),
(272, 'CAMPOHERMOSO', 15),
(273, 'CERINZA', 15),
(274, 'CHINATIVA', 15),
(275, 'CHIQUINQUIRA', 15),
(276, 'CHISCAS', 15),
(277, 'CHITA', 15),
(278, 'CHITARAQUE', 15),
(279, 'CHIVATA', 15),
(280, 'CIENEGA', 15),
(281, 'COMBITA', 15),
(282, 'COPER', 15),
(283, 'CORRALES', 15),
(284, 'COVARACHIA', 15),
(285, 'CUBARA', 15),
(286, 'CUCAITA', 15),
(287, 'CUITIVA', 15),
(288, 'CHIQUIZA', 15),
(289, 'CHIVOR', 15),
(290, 'DUITAMA', 15),
(291, 'EL COCUY', 15),
(292, 'EL ESPINO', 15),
(293, 'FIRAVITOBA', 15),
(294, 'FLORESTA', 15),
(295, 'GACHANTIVA', 15),
(296, 'GAMEZA', 15),
(297, 'GARAGOA', 15),
(298, 'GUACAMAYAS', 15),
(299, 'GUATEQUE', 15),
(300, 'GUAYATA', 15),
(301, 'GUICAN', 15),
(302, 'IZA', 15),
(303, 'JENESANO', 15),
(304, 'JERICO', 15),
(305, 'LABRANZAGRANDE', 15),
(306, 'LA CAPILLA', 15),
(307, 'LA VICTORIA', 15),
(308, 'LA UVITA', 15),
(309, 'VILLA DE LEYVA', 15),
(310, 'MACANAL', 15),
(311, 'MARIPI', 15),
(312, 'MIRAFLORES', 15),
(313, 'MONGUA', 15),
(314, 'MONGUI', 15),
(315, 'MONIQUIRA', 15),
(316, 'MOTAVITA', 15),
(317, 'MUZO', 15),
(318, 'MANIZALEZ', 17),
(319, 'VITERBO', 17),
(320, 'ANSERMA', 17),
(321, 'ARANZAZY', 17),
(322, 'BELALCAZAR', 17),
(323, 'CHINCHINA', 17),
(324, 'FILADELFIA', 17),
(325, 'LA DORADA', 17),
(326, 'LA MERCED', 17),
(327, 'MANZANARES', 17),
(328, 'MARMATO', 17),
(329, 'MARQUETALIA', 17),
(330, 'MARULANDA', 17),
(331, 'NEIRA', 17),
(332, 'NORCASIA', 17),
(333, 'PACORA', 17),
(334, 'PALESTINA', 17),
(335, 'PENSILVANIA', 17),
(336, 'RIOSUCIO', 17),
(337, 'RISARALDA', 17),
(338, 'SALAMINA', 17),
(339, 'SAMANA', 17),
(340, 'SAN JOSE', 17),
(341, 'SUPIA', 17),
(342, 'VICTORIA', 17),
(343, 'VILLAMARIA', 17),
(344, 'AGUADAS', 17),
(345, 'FLORENCIA', 18),
(346, 'VALPARAISO', 18),
(347, 'BELEN DE LOS ANDAQUIES', 18),
(348, 'CARTAGENA DEL CHAIRA', 18),
(349, 'CURRILLO', 18),
(350, 'EL DONCELLO', 18),
(351, 'EL PAUJIL', 18),
(352, 'LA MONTANITA', 18),
(353, 'MILAN', 18),
(354, 'MORALIA', 18),
(355, 'PUERTO RICO', 18),
(356, 'SAN JOSE DE LA FRAGUA', 18),
(357, 'SAN VIVENTE DEL CAGUAN', 18),
(358, 'SOLANO', 18),
(359, 'SOLITA', 18),
(360, 'ALBANIA', 18),
(361, 'PIAMONTE', 19),
(362, 'MERCADERES', 19),
(363, 'PUERTO TEJADA', 19),
(364, 'PURACE', 19),
(365, 'ROSAS', 19),
(366, 'SAN SEBASTIAN', 19),
(367, 'SANTANDER DE QUILICHAO', 19),
(368, 'SANTA ROSA', 19),
(369, 'SILVIA', 19),
(370, 'SOTARA', 19),
(371, 'SUAREZ', 19),
(372, 'SUCRE', 19),
(373, 'TIMBIO', 19),
(374, 'TIMIBIQUI', 19),
(375, 'TORIBIO', 19),
(376, 'TOTORO', 19),
(377, 'VILLA RICA', 19),
(378, 'MIRANDA', 19),
(379, 'MORALES', 19),
(380, 'PADILLA', 19),
(381, 'PAEZ', 19),
(382, 'PATIA', 19),
(383, 'POPAYAN', 19),
(384, 'ALMAGUER', 19),
(385, 'ARGELIA', 19),
(386, 'BALBOA', 19),
(387, 'BOLIVAR', 19),
(388, 'BUENOS AIRES', 19),
(389, 'CAJIBIO', 19),
(390, 'CALDONO', 19),
(391, 'CALOTO', 19),
(392, 'CORINTO', 19),
(393, 'EL TAMBO', 19),
(394, 'FLORENCIA', 19),
(395, 'GUAPI', 19),
(396, 'INZA', 19),
(397, 'JAMBALO', 19),
(398, 'LA SIERRA', 19),
(399, 'LA VEGA', 19),
(400, 'LOPEZ', 19),
(401, 'PIENDAMO', 19),
(402, 'SAN MARTIN', 20),
(403, 'AGUSTIN CODAZZI', 20),
(404, 'SAN ALBERTO', 20),
(405, 'LA PAZ', 20),
(406, 'RIO DE ORO', 20),
(407, 'PUEBLO BELLO', 20),
(408, 'PELAYA', 20),
(409, 'PAILITAS', 20),
(410, 'MANAURE', 20),
(411, 'LA JAGUA DE IBIRICO', 20),
(412, 'LA GLORIA', 20),
(413, 'GONZALEZ', 20),
(414, 'GAMARRA', 20),
(415, 'AGUACHICA', 20),
(416, 'VALLEDUPAR', 20),
(417, 'TAMALAMEQUE', 20),
(418, 'EL PASO', 20),
(419, 'EL COPEY', 20),
(420, 'CURIMANI', 20),
(421, 'CHIMICHAGUA', 20),
(422, 'BOSCONIA', 20),
(423, 'BECERRIL', 20),
(424, 'ASTREA', 20),
(425, 'SAN DIEGO', 20),
(426, 'SAN ANTERO', 23),
(427, 'SAN BERNARDO DEL VIENTO', 23),
(428, 'SAN CARLOS', 23),
(429, 'SAN ANDRES DE SOTAVENTO', 23),
(430, 'SAHAGUN', 23),
(431, 'PURISIMA', 23),
(432, 'PUERTO LIBERTADOR', 23),
(433, 'PUERTO ESCONDIDO', 23),
(434, 'PUEBLO NUEVO', 23),
(435, 'PLANETA RICA', 23),
(436, 'MONITOS', 23),
(437, 'MONTELIBANO', 23),
(438, 'MOMIL', 23),
(439, 'LOS CORDOBOS', 23),
(440, 'LORICA', 23),
(441, 'LA APARTADA', 23),
(442, 'COTORRA', 23),
(443, 'CIENAGA DE ORO', 23),
(444, 'CHINU', 23),
(445, 'CIMA', 23),
(446, 'CERETE', 23),
(447, 'CANALETE', 23),
(448, 'BUENAVISTA', 23),
(449, 'AYAPEL', 23),
(450, 'MONTERIA', 23),
(451, 'VALENCIA', 23),
(452, 'SAN PELAYO', 23),
(453, 'TIERRALTA', 23),
(454, 'TIBACUY', 25),
(455, 'TIBIRITA', 25),
(456, 'TOCAIMA', 25),
(457, 'TOCANCIPA', 25),
(458, 'TOPAIPI', 25),
(459, 'UBALA', 25),
(460, 'UBAQUE', 25),
(461, 'UBATE', 25),
(462, 'UNE', 25),
(463, 'UTICA', 25),
(464, 'VERGARA', 25),
(465, 'VIANI', 25),
(466, 'VILLAGOMEZ', 25),
(467, 'VILLAPINZON', 25),
(468, 'VILLETA', 25),
(469, 'VIOTA', 25),
(470, 'YACOPI', 25),
(471, 'ZIPACON', 25),
(472, 'ZIPAQUIRA', 25),
(473, 'GACHANCIPA', 25),
(474, 'GACHETA', 25),
(475, 'GAMA', 25),
(476, 'GIRARDOT', 25),
(477, 'GRANDA', 25),
(478, 'GUACHETA', 25),
(479, 'GUADUAS', 25),
(480, 'GUASCA', 25),
(481, 'GUATAQUI', 25),
(482, 'GUATAVITA', 25),
(483, 'GUAYABAL DE SIQUIMA', 25),
(484, 'GUAYBETAL', 25),
(485, 'GUTIERREZ', 25),
(486, 'JERSUSALEN', 25),
(487, 'JUNIN', 25),
(488, 'LA CALERA', 25),
(489, 'LA MESA', 25),
(490, 'LA PALMA', 25),
(491, 'LA PENA', 25),
(492, 'LA VEGA', 25),
(493, 'LENGUAZAQUE', 25),
(494, 'MACHETA', 25),
(495, 'MADRID', 25),
(496, 'MANTA', 25),
(497, 'MEDINA', 25),
(498, 'MOSQUERA', 25),
(499, 'NARINO', 25),
(500, 'NEMOCON', 25),
(501, 'NILO', 25),
(502, 'NIMAIMA', 25),
(503, 'NOCAIMA', 25),
(504, 'VENECIA', 25),
(505, 'PACHO', 25),
(506, 'PAIME', 25),
(507, 'PANDI', 25),
(508, 'PARATEBUENO', 25),
(509, 'PASCA', 25),
(510, 'PUERTO SALGAR', 25),
(511, 'PULI', 25),
(512, 'QUEBRADANEGRA', 25),
(513, 'QUETAME', 25),
(514, 'QUIPILE', 25),
(515, 'APULO', 25),
(516, 'RICAURTE', 25),
(517, 'SAN ANTONIO DE TEQUENDAMA', 25),
(518, 'SAN BERNARDO', 25),
(519, 'SAN CAYETANO', 25),
(520, 'SAN FRANCISCO', 25),
(521, 'SAN JUAN DE RIOSECO', 25),
(522, 'SASAIMA', 25),
(523, 'SESQUILE', 25),
(524, 'SIBATE', 25),
(525, 'SILVANIA', 25),
(526, 'SIMIJACA', 25),
(527, 'SOACHA', 25),
(528, 'SOPO', 25),
(529, 'SUBACHOQUE', 25),
(530, 'SUASCA', 25),
(531, 'SUPATA', 25),
(532, 'SUTATAUSA', 25),
(533, 'TABIO', 25),
(534, 'TAUSA', 25),
(535, 'TENA', 25),
(536, 'TENJO', 25),
(537, 'AGUA DE DIOS', 25),
(538, 'BOGOTA', 25),
(539, 'ALBAN', 25),
(540, 'ANAPOIMA', 25),
(541, 'ANOLAIMA', 25),
(542, 'ARBELAEZ', 25),
(543, 'BELTRAN', 25),
(544, 'BITUIMA', 25),
(545, 'BOJACA', 25),
(546, 'CABRERA', 25),
(547, 'CACHIPAY', 25),
(548, 'CAJICA', 25),
(549, 'CAPARRAPI', 25),
(550, 'CAQUEZA', 25),
(551, 'CARMEN DE CARUPA', 25),
(552, 'CHAGUANI', 25),
(553, 'CHIA', 25),
(554, 'CHIPAQUE', 25),
(555, 'CHOACHI', 25),
(556, 'CHOCONTA', 25),
(557, 'COGUA', 25),
(558, 'COTA', 25),
(559, 'COCONUBA', 25),
(560, 'EL COLEGIO', 25),
(561, 'EL PENON', 25),
(562, 'EL ROSAL', 25),
(563, 'FACATATIVA', 25),
(564, 'FOMEQUE', 25),
(565, 'FOSCA', 25),
(566, 'FUNZA', 25),
(567, 'FUQUENE', 25),
(568, 'FUSAGASUGA', 25),
(569, 'GACHALA', 25),
(570, 'LLORO', 27),
(571, 'JURADO', 27),
(572, 'RIO IRO', 27),
(573, 'RIO QUITO', 27),
(574, 'RIOSUCIO', 27),
(575, 'SAN JOSE DEL PALMAR', 27),
(576, 'SIPI', 27),
(577, 'TADO', 27),
(578, 'UNGUIA', 27),
(579, 'UNION PANAMERICANA', 27),
(580, 'QUIBDO', 27),
(581, 'ACANDI', 27),
(582, 'ALTO BAUDO', 27),
(583, 'ATRATO', 27),
(584, 'BAGADO', 27),
(585, 'BAHIA SOLANO', 27),
(586, 'BAJO BAUDO', 27),
(587, 'BLEN DE BAJIRA', 27),
(588, 'BOJAYA', 27),
(589, 'CANTON DE SAN PLABLO', 27),
(590, 'CARMEN DEL DARIEN', 27),
(591, 'CERTEGUI', 27),
(592, 'CONDOTO', 27),
(593, 'EL CARMEN DE ATRATO', 27),
(594, 'EL LITORAL DEL SAN JUAN', 27),
(595, 'ISTMINA', 27),
(596, 'NUQUI', 27),
(597, 'AIPE', 41),
(598, 'AGRADO', 41),
(599, 'ALTAMIRA', 41),
(600, 'BARAYA', 41),
(601, 'CAMPOALEGRE', 41),
(602, 'COLOMBIA', 41),
(603, 'ELIAS', 41),
(604, 'GARZON', 41),
(605, 'GIGANTE', 41),
(606, 'GUADALUPE', 41),
(607, 'HOBO', 41),
(608, 'IQUIRA', 41),
(609, 'ISTNOS', 41),
(610, 'LA ARGENTINA', 41),
(611, 'LA PLATA', 41),
(612, 'NATAGA', 41),
(613, 'OPORAPA', 41),
(614, 'PAICOL', 41),
(615, 'PALERMO', 41),
(616, 'ALGECIRAS', 41),
(617, 'ACEVEDO', 41),
(618, 'NEIVA', 41),
(619, 'YAGUARA', 41),
(620, 'VILLAVIEJA', 41),
(621, 'TIMANA', 41),
(622, 'TERUEL', 41),
(623, 'TELLO', 41),
(624, 'TESALIA', 41),
(625, 'TARQUI', 41),
(626, 'SAUZA', 41),
(627, 'SANTA MARIA', 41),
(628, 'SAN AGUSTIN', 41),
(629, 'SALADOBLANCO', 41),
(630, 'RIVERA', 41),
(631, 'PALESTINA', 41),
(632, 'PITAL', 41),
(633, 'PITALITO', 41),
(634, 'VILLANUEVA', 44),
(635, 'RIOACHA', 44),
(636, 'URIBIA', 44),
(637, 'SAN JUAN DEL CESAR', 44),
(638, 'MANAURE', 44),
(639, 'MAICAO', 44),
(640, 'LA JAGUA DEL PILAR', 44),
(641, 'HATONUEVO', 44),
(642, 'FONSECA', 44),
(643, 'EL MOLINO', 44),
(644, 'DISTRACCION', 44),
(645, 'DIBULLA', 44),
(646, 'BARRANCAS', 44),
(647, 'ALBANIA', 44),
(648, 'URUMITA', 44),
(649, 'GUAMAL', 47),
(650, 'NUEVA GRANADA', 47),
(651, 'PEDRAZA', 47),
(652, 'PIJINO DEL CARMEN', 47),
(653, 'PIVIJAY', 47),
(654, 'PLATO', 47),
(655, 'PUEBLOVIEJO', 47),
(656, 'REMOLINO', 47),
(657, 'SABANAS DE SAN ANGEL', 47),
(658, 'SALAMINA', 47),
(659, 'SAN SEBASTIAN DE BUENAVISTA', 47),
(660, 'SAN ZENON', 47),
(661, 'SANTA ANA', 47),
(662, 'SANTA BARBARA DE PINTO', 47),
(663, 'SITIONUEVO', 47),
(664, 'TENERIFE', 47),
(665, 'ZAPAYAN', 47),
(666, 'ZONA BANANERA', 47),
(667, 'SANTA MARTA', 47),
(668, 'ALGARROBO', 47),
(669, 'ARACATACA', 47),
(670, 'ARIGUANI', 47),
(671, 'CERRO SAN ANTONIO', 47),
(672, 'CHIVOLO', 47),
(673, 'CIENAGA', 47),
(674, 'CONCORDIA', 47),
(675, 'EL BANCO', 47),
(676, 'EL PINON', 47),
(677, 'EL RETEN', 47),
(678, 'FUNDACION', 47),
(679, 'VILLAVICENCI0', 50),
(680, 'VISTA HERMOSA', 50),
(681, 'BARARNCA DE UPIA', 50),
(682, 'CABUYARO', 50),
(683, 'CASTILLA LA NUEVA', 50),
(684, 'SAN LUIS DE CUBARRAL', 50),
(685, 'CUMARAL', 50),
(686, 'EL CALVARIO', 50),
(687, 'EL CASTILLO', 50),
(688, 'EL DORADO', 50),
(689, 'FUENTE DE ORO', 50),
(690, 'GRANADA', 50),
(691, 'GUAMAL', 50),
(692, 'MAPIRIPAN', 50),
(693, 'MESETAS', 50),
(694, 'LA MACARENA', 50),
(695, 'LA URIBE', 50),
(696, 'LEJANIAS', 50),
(697, 'PUERTO CONCORDIA', 50),
(698, 'PUERTO GAITAN', 50),
(699, 'PUERTO LOPEZ', 50),
(700, 'PUERTO LLERAS', 50),
(701, 'PUERTO RICO', 50),
(702, 'RESTREPO', 50),
(703, 'SAN CARLOS GUAROA', 50),
(704, 'SAN JUAN DE ARAMA', 50),
(705, 'SAN JUANITO', 50),
(706, 'SAN MARTIN', 50),
(707, 'ACACIAS', 50),
(708, 'PASTO', 52),
(709, 'ALBAN (SAN JOSE)', 52),
(710, 'ALDANA', 52),
(711, 'ANCUYA', 52),
(712, 'ARBOLEDA (BERRUECOS)', 52),
(713, 'BARBACOAS', 52),
(714, 'BELEN', 52),
(715, 'BUESACO', 52),
(716, 'COLON (GENOVA)', 52),
(717, 'CONSACA', 52),
(718, 'CONTADERO', 52),
(719, 'CORDOBA', 52),
(720, 'CUASPUD (CARLOSAMA)', 52),
(721, 'CUMBAL', 52),
(722, 'CUMBITARA', 52),
(723, 'CHACHAGUI', 52),
(724, 'EL CHARCO', 52),
(725, 'EL PENOL', 52),
(726, 'EL ROSARIO', 52),
(727, 'EL TABLON', 52),
(728, 'EL TAMBO', 52),
(729, 'FUNES', 52),
(730, 'GUACHUCAL', 52),
(731, 'GUAITARILLA', 52),
(732, 'GUALMATAN', 52),
(733, 'ILES', 52),
(734, 'IMUES', 52),
(735, 'IPIALES', 52),
(736, 'LA CRUZ', 52),
(737, 'LA FLORIDA', 52),
(738, 'LA LLANADA', 52),
(739, 'LA TOLA', 52),
(740, 'LA UNION', 52),
(741, 'LEIVA', 52),
(742, 'LINARES', 52),
(743, 'LOS ANDES (SOTOMAYOR)', 52),
(744, 'MAGUI (PAYAN)', 52),
(745, 'MALLAMA (PIEDRANCHA)', 52),
(746, 'MOSQUERA', 52),
(747, 'OLAYA HERRERA (BOCAS DE SATINGA)', 52),
(748, 'OSPINA', 52),
(749, 'FRANCISCO PIZARRO (SALAHONDA)', 52),
(750, 'POLICARPA', 52),
(751, 'POTOSI', 52),
(752, 'PROVIDENCIA', 52),
(753, 'PUERRES', 52),
(754, 'PUPIALES', 52),
(755, 'RICAURTE', 52),
(756, 'ROBERTO PAYAN (SAN JOSE)', 52),
(757, 'SAMANIEGO', 52),
(758, 'SANDONA', 52),
(759, 'SAN BERNARDO', 52),
(760, 'SAN LORENZO', 52),
(761, 'SAN PABLO', 52),
(762, 'SAN PEDRO DE CARTAGO', 52),
(763, 'SANTA BARBARA (ISCUANDE)', 52),
(764, 'SANTA CRUZ (GUACHAVES)', 52),
(765, 'SAPUYES', 52),
(766, 'TAMINANGO', 52),
(767, 'TANGUA', 52),
(768, 'TUMACO', 52),
(769, 'TUQUERRES', 52),
(770, 'YACUANQUER', 52),
(771, 'CUCUTA', 54),
(772, 'VILLA DEL ROSARIO', 54),
(773, 'ARBOLEDAS', 54),
(774, 'BOCHALEMA', 54),
(775, 'BUCARSICA', 54),
(776, 'CACOTA', 54),
(777, 'CACHIRA', 54),
(778, 'CHINACOTA', 54),
(779, 'CHITAGA', 54),
(780, 'CONVENCION', 54),
(781, 'CUCUTILLA', 54),
(782, 'DURANIA', 54),
(783, 'EL CARMEN', 54),
(784, 'EL TARRA', 54),
(785, 'EL ZULIA', 54),
(786, 'GRAMALOTE', 54),
(787, 'HACARI', 54),
(788, 'HERRAN', 54),
(789, 'LABATECA', 54),
(790, 'LA ESPERANZA', 54),
(791, 'LA PLAYA', 54),
(792, 'LOS PATIOS', 54),
(793, 'LOURDES', 54),
(794, 'MUTISCOA', 54),
(795, 'OCANA', 54),
(796, 'PAMPLONA', 54),
(797, 'PAMPLONITA', 54),
(798, 'PUERTO SANTANDER', 54),
(799, 'RANGOVALIA', 54),
(800, 'SALAZAR', 54),
(801, 'SAN CALIXTO', 54),
(802, 'SAN CAYETANO', 54),
(803, 'SANTIAGO', 54),
(804, 'SARDINATA', 54),
(805, 'SILOS', 54),
(806, 'TEORAMA', 54),
(807, 'TIBU', 54),
(808, 'TOLEDO', 54),
(809, 'VILLA CARO', 54),
(810, 'ABREGO', 54),
(811, 'ARMENIA', 63),
(812, 'SALENTO', 63),
(813, 'QUIMBAYA', 63),
(814, 'PIJAO', 63),
(815, 'MONTENEGRO', 63),
(816, 'BUENAVISTA', 63),
(817, 'GENOVA', 63),
(818, 'FILANDIA', 63),
(819, 'CORDOBA', 63),
(820, 'CIRCASIA', 63),
(821, 'CALARCA', 63),
(822, 'LA TEBAIDA', 63),
(823, 'SANTA ROSA DE CABAL', 66),
(824, 'QUINCHIA', 66),
(825, 'PUEBLO RICO', 66),
(826, 'MISTRATO', 66),
(827, 'MARSELLA', 66),
(828, 'LA VIRGINIA', 66),
(829, 'LA CELIA', 66),
(830, 'GUATICA', 66),
(831, 'DOS QUEBRADAS', 66),
(832, 'BELEN DE UMBRIA', 66),
(833, 'BALBOA', 66),
(834, 'APIA', 66),
(835, 'SANTUARIO', 66),
(836, 'PEREIRA', 66),
(837, 'MOGOTES', 68),
(838, 'MOLAGAVITA', 68),
(839, 'OCAMONTE', 68),
(840, 'OIBA', 68),
(841, 'ONZAGA', 68),
(842, 'PALMAR', 68),
(843, 'PALMAS DEL SOCORRO', 68),
(844, 'PARAMO', 68),
(845, 'PIEDECUESTA', 68),
(846, 'PINCHOTE', 68),
(847, 'PUIENTE NACIONAL', 68),
(848, 'PUERTO PARRA', 68),
(849, 'PUERTO WILCHES', 68),
(850, 'RIONEGRO', 68),
(851, 'SABANA DE TORRES', 68),
(852, 'SAN ANDRES', 68),
(853, 'SAN BENITO', 68),
(854, 'SAN GIL', 68),
(855, 'SAN JOAQUIN', 68),
(856, 'SAN JOSE DE MIRANDA', 68),
(857, 'SAN MIGUEL', 68),
(858, 'SAN VICENTE DE CHUCURI', 68),
(859, 'SANTA BARBARA', 68),
(860, 'SANTA HELENA DEL OPON', 68),
(861, 'SIMACOTA', 68),
(862, 'SOCORRO', 68),
(863, 'SUAITA', 68),
(864, 'SUCRE', 68),
(865, 'SURATA', 68),
(866, 'TONA', 68),
(867, 'VALLE SAN JOSE', 68),
(868, 'VELEZ', 68),
(869, 'VETAS', 68),
(870, 'VILLANUEVA', 68),
(871, 'ZAPATOCA', 68),
(872, 'BUCARAMANGA', 68),
(873, 'AGUADA', 68),
(874, 'ALBANIA', 68),
(875, 'ARATOCA', 68),
(876, 'BARBOSA', 68),
(877, 'BARICHARA', 68),
(878, 'BARRANCABERMEJA', 68),
(879, 'BETULIA', 68),
(880, 'BOLIVAR', 68),
(881, 'CABRERA', 68),
(882, 'CALIFORNIA', 68),
(883, 'CAPITANEJO', 68),
(884, 'CARCASI', 68),
(885, 'CEPITA', 68),
(886, 'CERRITO', 68),
(887, 'CHARALA', 68),
(888, 'CHARTA', 68),
(889, 'CHIMA', 68),
(890, 'CHIPATA', 68),
(891, 'CIMITARRA', 68),
(892, 'CONCEPCION', 68),
(893, 'CONFINES', 68),
(894, 'CONTRATACION', 68),
(895, 'COROMORO', 68),
(896, 'CURITI', 68),
(897, 'EL CARMEN DE CHUCURRI', 68),
(898, 'EL GUACAMAYO', 68),
(899, 'EL PENON', 68),
(900, 'EL PLAYON', 68),
(901, 'ENCINO', 68),
(902, 'ENCISO', 68),
(903, 'EL FLORIAN', 68),
(904, 'FLORIDABLANCA', 68),
(905, 'GALAN', 68),
(906, 'GAMBITA', 68),
(907, 'GIRON', 68),
(908, 'GUACA', 68),
(909, 'GUADALUPE', 68),
(910, 'GUAPOTA', 68),
(911, 'GUAVATA', 68),
(912, 'GUESA', 68),
(913, 'HATO', 68),
(914, 'JESUS MARIA', 68),
(915, 'JORDAN', 68),
(916, 'LA BELLEZA', 68),
(917, 'LANDAZURI', 68),
(918, 'LA PAZ', 68),
(919, 'LEBRIJA', 68),
(920, 'LOS SANTOS', 68),
(921, 'MACARAVITA', 68),
(922, 'MALAGA', 68),
(923, 'MATAMZA', 68),
(924, 'SINCELEJO', 70),
(925, 'TOLU VIEJO', 70),
(926, 'CAIMITO', 70),
(927, 'COLOSO', 70),
(928, 'COROZAL', 70),
(929, 'CHALAN', 70),
(930, 'COVENAS', 70),
(931, 'EL ROBLE', 70),
(932, 'GALERAS', 70),
(933, 'GUARANDA', 70),
(934, 'LA UNION', 70),
(935, 'LOS PALMITOS', 70),
(936, 'MAJAGUAL', 70),
(937, 'MORROA', 70),
(938, 'OVEJAS', 70),
(939, 'PALMITO', 70),
(940, 'SAMPUES', 70),
(941, 'SAN BENITO ABAD', 70),
(942, 'SAN JUAN BETULIA', 70),
(943, 'SAN MARCOS', 70),
(944, 'SAN ONOFRE', 70),
(945, 'SAN PEDRO', 70),
(946, 'SINCE', 70),
(947, 'SUCRE', 70),
(948, 'SANTIAGO DE TOLU', 70),
(949, 'BUENAVISTA', 70),
(950, 'CAJAMARCA', 73),
(951, 'CARMEN APICALA', 73),
(952, 'CASABIANCA', 73),
(953, 'CHAPARRAL', 73),
(954, 'COELLO', 73),
(955, 'COYAIMA', 73),
(956, 'CUNDAY', 73),
(957, 'DOLORES', 73),
(958, 'ESPINAL', 73),
(959, 'FALAN', 73),
(960, 'FLANDES', 73),
(961, 'FRESNO', 73),
(962, 'GUAMO', 73),
(963, 'HERVEO', 73),
(964, 'HONDA', 73),
(965, 'ICONONZO', 73),
(966, 'LERIDA', 73),
(967, 'LIBANO', 73),
(968, 'MARIQUITA', 73),
(969, 'MELGAR', 73),
(970, 'MURILLO', 73),
(971, 'NATAGAIMA', 73),
(972, 'ORTEGA', 73),
(973, 'PALOCABILDO', 73),
(974, 'VENADILLO', 73),
(975, 'VILLAHERMOSA', 73),
(976, 'VILLARRICA', 73),
(977, 'PIEDRAS', 73),
(978, 'PLANADAS', 73),
(979, 'PRADO', 73),
(980, 'PURIFICACION', 73),
(981, 'RIOBLANCO', 73),
(982, 'RONCESVALLES', 73),
(983, 'ROVIRA', 73),
(984, 'SALDANA', 73),
(985, 'SAN ANTONIO', 73),
(986, 'SAN LUIS', 73),
(987, 'SANTA ISABEL', 73),
(988, 'SUAREZ', 73),
(989, 'VALLE DE SAN JUAN', 73),
(990, 'IBAGUE', 73),
(991, 'ALPUJARRA', 73),
(992, 'ALVARADO', 73),
(993, 'AMBALEMA', 73),
(994, 'ANZOATEGUI', 73),
(995, 'ARMERO', 73),
(996, 'ATACO', 73),
(997, 'CALI', 76),
(998, 'ZARZAL', 76),
(999, 'ANDALUCIA', 76),
(1000, 'ANSERMONUEVO', 76),
(1001, 'ARGELIA', 76),
(1002, 'BOLIVAR', 76),
(1003, 'BUENAVENTURA', 76),
(1004, 'GUADALAJARA DE BUGA', 76),
(1005, 'BUGALAGRANDE', 76),
(1006, 'CALIMA', 76),
(1007, 'CANDELARIA', 76),
(1008, 'CARTAGO', 76),
(1009, 'DAGUA', 76),
(1010, 'EL AGUILA', 76),
(1011, 'EL CAIRO', 76),
(1012, 'EL CERRITO', 76),
(1013, 'EL DOVIO', 76),
(1014, 'FLORIDA', 76),
(1015, 'GINEBRA', 76),
(1016, 'GUACARI', 76),
(1017, 'JAMUNDI', 76),
(1018, 'LA CUMBRE', 76),
(1019, 'LA UNION', 76),
(1020, 'LA VICTORIA', 76),
(1021, 'OBANDO', 76),
(1022, 'PALMIRA', 76),
(1023, 'PRADERA', 76),
(1024, 'RESTREPO', 76),
(1025, 'RIOFRIO', 76),
(1026, 'ROLDANILLO', 76),
(1027, 'SAN PEDRO', 76),
(1028, 'SEVILLA', 76),
(1029, 'TORO', 76),
(1030, 'TRUJILLO', 76),
(1031, 'TULUA', 76),
(1032, 'ULLOA', 76),
(1033, 'VERSALLES', 76),
(1034, 'VIJES', 76),
(1035, 'YOTOCO', 76),
(1036, 'YUMBO', 76),
(1037, 'ALCALA', 76),
(1038, 'PUERTO RONDON', 81),
(1039, 'FORTUL', 81),
(1040, 'CRAVO NORTE', 81),
(1041, 'ARAUQUITA', 81),
(1042, 'ARAUCA', 81),
(1043, 'TAME', 81),
(1044, 'SARAVENA', 81),
(1045, 'PORE', 85),
(1046, 'PAZ DE ARIPORO', 85),
(1047, 'OROCUE', 85),
(1048, 'NUNCHIA', 85),
(1049, 'MONTERREY', 85),
(1050, 'VILLANUEVA', 85),
(1051, 'YOPAL', 85),
(1052, 'AGUAZUL', 85),
(1053, 'CHAMEZA', 85),
(1054, 'HATO COROZAL', 85),
(1055, 'LA SALINA', 85),
(1056, 'RECETOR', 85),
(1057, 'SABANALARGA', 85),
(1058, 'SACAMA', 85),
(1059, 'SAN LUIS DE PALENQUE', 85),
(1060, 'TAMARA', 85),
(1061, 'MANI', 85),
(1062, 'TRINIDAD', 85),
(1063, 'TAURAMENA', 85),
(1064, 'VILLAGARZON', 86),
(1065, 'VALLE DEL GUAMUEZ', 86),
(1066, 'SANTIAGO', 86),
(1067, 'SAN MIGUEL', 86),
(1068, 'SAN FRANCISCO', 86),
(1069, 'SIBUNDOY', 86),
(1070, 'LEGUIZAMON', 86),
(1071, 'PUERTO GUZMAN', 86),
(1072, 'PUERTO CAICEDO', 86),
(1073, 'PUERTO ASIS', 86),
(1074, 'ORITO', 86),
(1075, 'MOCOA', 86),
(1076, 'COLON', 86),
(1077, 'SAN ANDRES', 88),
(1078, 'PROVIDENCIA Y SANTA CATALINA', 88),
(1079, 'LETICIA', 91),
(1080, 'EL ENCANTO', 91),
(1081, 'LA CHORRERA', 91),
(1082, 'LA PEDRERA', 91),
(1083, 'LA VICTORIA', 91),
(1084, 'PUERTO NARINO', 91),
(1085, 'PUERTO ALEGRIA', 91),
(1086, 'PUERTO ARICA', 91),
(1087, 'TARAPACA', 91),
(1088, 'PUERTO SANTANDER', 91),
(1089, 'MIRITI-PARANA', 91),
(1090, 'MORICHAL', 94),
(1091, 'PANA PANA', 94),
(1092, 'CACAHUAL', 94),
(1093, 'LA GUADALUPE', 94),
(1094, 'PUERTO COLOMBIA', 94),
(1095, 'SAN FELIPE', 94),
(1096, 'MAPIRIPANA', 94),
(1097, 'INIRIDA', 94),
(1098, 'BARRANCO MINA', 94),
(1099, 'SAN JOSE DEL GUAVIARE', 95),
(1100, 'CALAMAR', 95),
(1101, 'EL RETORNO', 95),
(1102, 'MIRAFLORES', 95),
(1103, 'CARURU', 97),
(1104, 'MITU', 97),
(1105, 'PAPANAHUA', 97),
(1106, 'PACOA', 97),
(1107, 'TARAIRA', 97),
(1108, 'YAVARATE', 97),
(1109, 'CUMARIBO', 99),
(1110, 'LA PRIMAVERA', 99),
(1111, 'SANTA ROSALIA', 99),
(1112, 'PUERTO CARENO', 99);

-- --------------------------------------------------------

--
-- Estructura de tabla para la tabla `niveleseducativos`
--

CREATE TABLE IF NOT EXISTS `niveleseducativos` (
  `id_nivel_educativo` int(11) NOT NULL AUTO_INCREMENT,
  `nomb_nivel_educativo` varchar(50) COLLATE utf8_unicode_ci NOT NULL,
  PRIMARY KEY (`id_nivel_educativo`)
) ENGINE=InnoDB  DEFAULT CHARSET=utf8 COLLATE=utf8_unicode_ci AUTO_INCREMENT=7 ;

--
-- Volcado de datos para la tabla `niveleseducativos`
--

INSERT INTO `niveleseducativos` (`id_nivel_educativo`, `nomb_nivel_educativo`) VALUES
(1, 'BACHILLER'),
(2, 'TECNICO'),
(3, 'TECNOLOGO'),
(4, 'PROFESIONAL'),
(5, 'POSGRADO'),
(6, 'NINGUNO');

-- --------------------------------------------------------

--
-- Estructura de tabla para la tabla `paises`
--

CREATE TABLE IF NOT EXISTS `paises` (
  `id_pais` smallint(4) NOT NULL,
  `nomb_pais` varchar(50) COLLATE utf8_unicode_ci NOT NULL,
  PRIMARY KEY (`id_pais`)
) ENGINE=InnoDB DEFAULT CHARSET=utf8 COLLATE=utf8_unicode_ci;

--
-- Volcado de datos para la tabla `paises`
--

INSERT INTO `paises` (`id_pais`, `nomb_pais`) VALUES
(1, 'COLOMBIA'),
(2, 'AFGANISTÁN'),
(3, 'ALBANIA'),
(4, 'ALEMANIA'),
(5, 'ANDORRA'),
(6, 'ANGOLA'),
(7, 'ANTIGUA Y BARBUDA'),
(8, 'ARABIA SAUDITA'),
(9, 'ARGELIA'),
(10, 'ARGENTINA'),
(11, 'ARMENIA'),
(12, 'AUSTRALIA'),
(13, 'AUSTRIA'),
(14, 'AZERBAIYÁN'),
(15, 'BAHAMAS'),
(16, 'BANGLADÉS'),
(17, 'BARBADOS'),
(18, 'BARÉIN'),
(19, 'BÉLGICA'),
(20, 'BELICE'),
(21, 'BENÍN'),
(22, 'BIELORRUSIA'),
(23, 'BIRMANIA'),
(24, 'BOLIVIA'),
(25, 'BOSNIA Y HERZEGOVINA'),
(26, 'BOTSUANA'),
(27, 'BRASIL'),
(28, 'BRUNÉI'),
(29, 'BULGARIA'),
(30, 'BURKINA FASO'),
(31, 'BURUNDI'),
(32, 'BUTÁN'),
(33, 'CABO VERDE'),
(34, 'CAMBOYA'),
(35, 'CAMERÚN'),
(36, 'CANADÁ'),
(37, 'CATAR'),
(38, 'CHAD'),
(39, 'CHILE'),
(40, 'CHINA'),
(41, 'CHIPRE'),
(42, 'CIUDAD DEL VATICANO'),
(43, 'COMORAS'),
(44, 'COREA DEL NORTE'),
(45, 'COREA DEL SUR'),
(46, 'COSTA DE MARFIL'),
(47, 'COSTA RICA'),
(48, 'CROACIA'),
(49, 'CUBA'),
(50, 'DINAMARCA'),
(51, 'DOMINICA'),
(52, 'ECUADOR'),
(53, 'EGIPTO'),
(54, 'EL SALVADOR'),
(55, 'EMIRATOS ÁRABES UNIDOS'),
(56, 'ERITREA'),
(57, 'ESLOVAQUIA'),
(58, 'ESLOVENIA'),
(59, 'ESPAÑA'),
(60, 'ESTADOS UNIDOS'),
(61, 'ESTONIA'),
(62, 'ETIOPÍA'),
(63, 'FILIPINAS'),
(64, 'FINLANDIA'),
(65, 'FIYI'),
(66, 'FRANCIA'),
(67, 'GABÓN'),
(68, 'GAMBIA'),
(69, 'GEORGIA'),
(70, 'GHANA'),
(71, 'GRANADA'),
(72, 'GRECIA'),
(73, 'GUATEMALA'),
(74, 'GUYANA'),
(75, 'GUINEA'),
(76, 'GUINEA ECUATORIAL'),
(77, 'GUINEA-BISÁU'),
(78, 'HAITÍ'),
(79, 'HONDURAS'),
(80, 'HUNGRÍA'),
(81, 'INDIA'),
(82, 'INDONESIA'),
(83, 'IRAK'),
(84, 'IRÁN'),
(85, 'IRLANDA'),
(86, 'ISLANDIA'),
(87, 'ISLAS MARSHALL'),
(88, 'ISLAS SALOMÓN'),
(89, 'ISRAEL'),
(90, 'ITALIA'),
(91, 'JAMAICA'),
(92, 'JAPÓN'),
(93, 'JORDANIA'),
(94, 'KAZAJISTÁN'),
(95, 'KENIA'),
(96, 'KIRGUISTÁN'),
(97, 'KIRIBATI'),
(98, 'KUWAIT'),
(99, 'LAOS'),
(100, 'LESOTO'),
(101, 'LETONIA'),
(102, 'LÍBANO'),
(103, 'LIBERIA'),
(104, 'LIBIA'),
(105, 'LIECHTENSTEIN'),
(106, 'LITUANIA'),
(107, 'LUXEMBURGO'),
(108, 'MADAGASCAR'),
(109, 'MALASIA'),
(110, 'MALAUI'),
(111, 'MALDIVAS'),
(112, 'MALÍ'),
(113, 'MALTA'),
(114, 'MARRUECOS'),
(115, 'MAURICIO'),
(116, 'MAURITANIA'),
(117, 'MÉXICO'),
(118, 'MICRONESIA'),
(119, 'MOLDAVIA'),
(120, 'MÓNACO'),
(121, 'MONGOLIA'),
(122, 'MONTENEGRO'),
(123, 'MOZAMBIQUE'),
(124, 'NAMIBIA'),
(125, 'NAURU'),
(126, 'NEPAL'),
(127, 'NICARAGUA'),
(128, 'NÍGER'),
(129, 'NIGERIA'),
(130, 'NORUEGA'),
(131, 'NUEVA ZELANDA'),
(132, 'OMÁN'),
(133, 'PAÍSES BAJOS'),
(134, 'PAKISTÁN'),
(135, 'PALAOS'),
(136, 'PANAMÁ'),
(137, 'PAPÚA NUEVA GUINEA'),
(138, 'PARAGUAY'),
(139, 'PERÚ'),
(140, 'POLONIA'),
(141, 'PORTUGAL'),
(142, 'REINO UNIDO'),
(143, 'REPÚBLICA CENTROAFRICANA'),
(144, 'REPÚBLICA CHECA'),
(145, 'REPÚBLICA DE MACEDONIA'),
(146, 'REPÚBLICA DEL CONGO'),
(147, 'REPÚBLICA DEMOCRÁTICA DEL CONGO'),
(148, 'REPÚBLICA DOMINICANA'),
(149, 'REPÚBLICA SUDAFRICANA'),
(150, 'RUANDA'),
(151, 'RUMANÍA'),
(152, 'RUSIA'),
(153, 'SAMOA'),
(154, 'SAN CRISTÓBAL Y NIEVES'),
(155, 'SAN MARINO'),
(156, 'SAN VICENTE Y LAS GRANADINAS'),
(157, 'SANTA LUCÍA'),
(158, 'SANTO TOMÉ Y PRÍNCIPE'),
(159, 'SENEGAL'),
(160, 'SERBIA'),
(161, 'SEYCHELLES'),
(162, 'SIERRA LEONA'),
(163, 'SINGAPUR'),
(164, 'SIRIA'),
(165, 'SOMALIA'),
(166, 'SRI LANKA'),
(167, 'SUAZILANDIA'),
(168, 'SUDÁN'),
(169, 'SUDÁN DEL SUR'),
(170, 'SUECIA'),
(171, 'SUIZA'),
(172, 'SURINAM'),
(173, 'TAILANDIA'),
(174, 'TANZANIA'),
(175, 'TAYIKISTÁN'),
(176, 'TIMOR ORIENTAL'),
(177, 'TOGO'),
(178, 'TONGA'),
(179, 'TRINIDAD Y TOBAGO'),
(180, 'TÚNEZ'),
(181, 'TURKMENISTÁN'),
(182, 'TURQUÍA'),
(183, 'TUVALU'),
(184, 'UCRANIA'),
(185, 'UGANDA'),
(186, 'URUGUAY'),
(187, 'UZBEKISTÁN'),
(188, 'VANUATU'),
(189, 'VENEZUELA'),
(190, 'VIETNAM'),
(191, 'YEMEN'),
(192, 'YIBUTI'),
(193, 'ZAMBIA'),
(194, 'ZIMBABUE'),
(195, 'COLOMBIA'),
(196, 'AFGANISTÁN'),
(197, 'ALBANIA'),
(198, 'ALEMANIA'),
(199, 'ANDORRA'),
(200, 'ANGOLA'),
(201, 'ANTIGUA Y BARBUDA'),
(202, 'ARABIA SAUDITA'),
(203, 'ARGELIA'),
(204, 'ARGENTINA'),
(205, 'ARMENIA'),
(206, 'AUSTRALIA'),
(207, 'AUSTRIA'),
(208, 'AZERBAIYÁN'),
(209, 'BAHAMAS'),
(210, 'BANGLADÉS'),
(211, 'BARBADOS'),
(212, 'BARÉIN'),
(213, 'BÉLGICA'),
(214, 'BELICE'),
(215, 'BENÍN'),
(216, 'BIELORRUSIA'),
(217, 'BIRMANIA'),
(218, 'BOLIVIA'),
(219, 'BOSNIA Y HERZEGOVINA'),
(220, 'BOTSUANA'),
(221, 'BRASIL'),
(222, 'BRUNÉI'),
(223, 'BULGARIA'),
(224, 'BURKINA FASO'),
(225, 'BURUNDI'),
(226, 'BUTÁN'),
(227, 'CABO VERDE'),
(228, 'CAMBOYA'),
(229, 'CAMERÚN'),
(230, 'CANADÁ'),
(231, 'CATAR'),
(232, 'CHAD'),
(233, 'CHILE'),
(234, 'CHINA'),
(235, 'CHIPRE'),
(236, 'CIUDAD DEL VATICANO'),
(237, 'COMORAS'),
(238, 'COREA DEL NORTE'),
(239, 'COREA DEL SUR'),
(240, 'COSTA DE MARFIL'),
(241, 'COSTA RICA'),
(242, 'CROACIA'),
(243, 'CUBA'),
(244, 'DINAMARCA'),
(245, 'DOMINICA'),
(246, 'ECUADOR'),
(247, 'EGIPTO'),
(248, 'EL SALVADOR'),
(249, 'EMIRATOS ÁRABES UNIDOS'),
(250, 'ERITREA'),
(251, 'ESLOVAQUIA'),
(252, 'ESLOVENIA'),
(253, 'ESPAÑA'),
(254, 'ESTADOS UNIDOS'),
(255, 'ESTONIA'),
(256, 'ETIOPÍA'),
(257, 'FILIPINAS'),
(258, 'FINLANDIA'),
(259, 'FIYI'),
(260, 'FRANCIA'),
(261, 'GABÓN'),
(262, 'GAMBIA'),
(263, 'GEORGIA'),
(264, 'GHANA'),
(265, 'GRANADA'),
(266, 'GRECIA'),
(267, 'GUATEMALA'),
(268, 'GUYANA'),
(269, 'GUINEA'),
(270, 'GUINEA ECUATORIAL'),
(271, 'GUINEA-BISÁU'),
(272, 'HAITÍ'),
(273, 'HONDURAS'),
(274, 'HUNGRÍA'),
(275, 'INDIA'),
(276, 'INDONESIA'),
(277, 'IRAK'),
(278, 'IRÁN'),
(279, 'IRLANDA'),
(280, 'ISLANDIA'),
(281, 'ISLAS MARSHALL'),
(282, 'ISLAS SALOMÓN'),
(283, 'ISRAEL'),
(284, 'ITALIA'),
(285, 'JAMAICA'),
(286, 'JAPÓN'),
(287, 'JORDANIA'),
(288, 'KAZAJISTÁN'),
(289, 'KENIA'),
(290, 'KIRGUISTÁN'),
(291, 'KIRIBATI'),
(292, 'KUWAIT'),
(293, 'LAOS'),
(294, 'LESOTO'),
(295, 'LETONIA'),
(296, 'LÍBANO'),
(297, 'LIBERIA'),
(298, 'LIBIA'),
(299, 'LIECHTENSTEIN'),
(300, 'LITUANIA'),
(301, 'LUXEMBURGO'),
(302, 'MADAGASCAR'),
(303, 'MALASIA'),
(304, 'MALAUI'),
(305, 'MALDIVAS'),
(306, 'MALÍ'),
(307, 'MALTA'),
(308, 'MARRUECOS'),
(309, 'MAURICIO'),
(310, 'MAURITANIA'),
(311, 'MÉXICO'),
(312, 'MICRONESIA'),
(313, 'MOLDAVIA'),
(314, 'MÓNACO'),
(315, 'MONGOLIA'),
(316, 'MONTENEGRO'),
(317, 'MOZAMBIQUE'),
(318, 'NAMIBIA'),
(319, 'NAURU'),
(320, 'NEPAL'),
(321, 'NICARAGUA'),
(322, 'NÍGER'),
(323, 'NIGERIA'),
(324, 'NORUEGA'),
(325, 'NUEVA ZELANDA'),
(326, 'OMÁN'),
(327, 'PAÍSES BAJOS'),
(328, 'PAKISTÁN'),
(329, 'PALAOS'),
(330, 'PANAMÁ'),
(331, 'PAPÚA NUEVA GUINEA'),
(332, 'PARAGUAY'),
(333, 'PERÚ'),
(334, 'POLONIA'),
(335, 'PORTUGAL'),
(336, 'REINO UNIDO'),
(337, 'REPÚBLICA CENTROAFRICANA'),
(338, 'REPÚBLICA CHECA'),
(339, 'REPÚBLICA DE MACEDONIA'),
(340, 'REPÚBLICA DEL CONGO'),
(341, 'REPÚBLICA DEMOCRÁTICA DEL CONGO'),
(342, 'REPÚBLICA DOMINICANA'),
(343, 'REPÚBLICA SUDAFRICANA'),
(344, 'RUANDA'),
(345, 'RUMANÍA'),
(346, 'RUSIA'),
(347, 'SAMOA'),
(348, 'SAN CRISTÓBAL Y NIEVES'),
(349, 'SAN MARINO'),
(350, 'SAN VICENTE Y LAS GRANADINAS'),
(351, 'SANTA LUCÍA'),
(352, 'SANTO TOMÉ Y PRÍNCIPE'),
(353, 'SENEGAL'),
(354, 'SERBIA'),
(355, 'SEYCHELLES'),
(356, 'SIERRA LEONA'),
(357, 'SINGAPUR'),
(358, 'SIRIA'),
(359, 'SOMALIA'),
(360, 'SRI LANKA'),
(361, 'SUAZILANDIA'),
(362, 'SUDÁN'),
(363, 'SUDÁN DEL SUR'),
(364, 'SUECIA'),
(365, 'SUIZA'),
(366, 'SURINAM'),
(367, 'TAILANDIA'),
(368, 'TANZANIA'),
(369, 'TAYIKISTÁN'),
(370, 'TIMOR ORIENTAL'),
(371, 'TOGO'),
(372, 'TONGA'),
(373, 'TRINIDAD Y TOBAGO'),
(374, 'TÚNEZ'),
(375, 'TURKMENISTÁN'),
(376, 'TURQUÍA'),
(377, 'TUVALU'),
(378, 'UCRANIA'),
(379, 'UGANDA'),
(380, 'URUGUAY'),
(381, 'UZBEKISTÁN'),
(382, 'VANUATU'),
(383, 'VENEZUELA'),
(384, 'VIETNAM'),
(385, 'YEMEN'),
(386, 'YIBUTI'),
(387, 'ZAMBIA'),
(388, 'ZIMBABUE');

-- --------------------------------------------------------

--
-- Estructura de tabla para la tabla `perfiles`
--

CREATE TABLE IF NOT EXISTS `perfiles` (
  `id_perfil` tinyint(2) NOT NULL AUTO_INCREMENT,
  `nom_perfil` varchar(50) COLLATE utf8_unicode_ci NOT NULL,
  PRIMARY KEY (`id_perfil`)
) ENGINE=InnoDB  DEFAULT CHARSET=utf8 COLLATE=utf8_unicode_ci AUTO_INCREMENT=4 ;

--
-- Volcado de datos para la tabla `perfiles`
--

INSERT INTO `perfiles` (`id_perfil`, `nom_perfil`) VALUES
(1, 'SuperAdmin'),
(2, 'Administrador'),
(3, 'Encuestador');

-- --------------------------------------------------------

--
-- Estructura de tabla para la tabla `personas`
--

CREATE TABLE IF NOT EXISTS `personas` (
  `id_persona` smallint(5) unsigned NOT NULL AUTO_INCREMENT,
  `cedula` int(11) DEFAULT NULL,
  `nombre` varchar(100) COLLATE utf8_unicode_ci DEFAULT NULL,
  `celular` int(11) DEFAULT NULL,
  `genero` enum('0','1') COLLATE utf8_unicode_ci DEFAULT NULL COMMENT '0. Masculino - 2. Femenino',
  `edad` tinyint(2) DEFAULT NULL,
  `estado_civil` tinyint(1) DEFAULT NULL,
  `id_municipio2` smallint(4) DEFAULT NULL,
  `id_barrio` smallint(4) DEFAULT NULL,
  `estrato` tinyint(1) DEFAULT NULL,
  `id_religion` smallint(4) DEFAULT NULL,
  `personas_hogar` tinyint(2) DEFAULT NULL,
  `personas_cargo` tinyint(2) DEFAULT NULL,
  `personas_trabajan` tinyint(2) DEFAULT NULL,
  `seguridad_social` enum('0','1','2') COLLATE utf8_unicode_ci DEFAULT NULL COMMENT '0. Contributivo - 1. Subsidiado - 2.Ninguno',
  `id_eps` smallint(4) DEFAULT NULL,
  `cotiza_pension` enum('0','1') COLLATE utf8_unicode_ci DEFAULT NULL COMMENT '0. Si - 1. No',
  `tiempo_pension` tinyint(3) DEFAULT NULL,
  `id_fondo_pension` smallint(4) DEFAULT NULL,
  `id_nivel_educativo` int(11) DEFAULT NULL,
  `tiempo_terminado` tinyint(2) DEFAULT NULL,
  `id_titulo` int(11) DEFAULT NULL,
  `ocupacion` varchar(100) COLLATE utf8_unicode_ci DEFAULT NULL,
  `tiempo_experiencia` tinyint(2) DEFAULT NULL,
  `vinculacion` enum('0','1') COLLATE utf8_unicode_ci DEFAULT NULL COMMENT '0. Contrato - 1. Independiente',
  `id_curso` smallint(4) DEFAULT NULL,
  `id_entidad` tinyint(3) DEFAULT NULL,
  `id_curso_recibir` smallint(4) DEFAULT NULL,
  `id_entidad_capacite` tinyint(3) DEFAULT NULL,
  `id_tipo_vivienda` tinyint(3) DEFAULT NULL,
  `id_tipo_acabado` tinyint(3) DEFAULT NULL,
  `id_financiacion_vivienda` tinyint(3) DEFAULT NULL,
  `habitaciones_vivienda` tinyint(3) DEFAULT NULL,
  `servicios_publicos` enum('1','2','3','4','5') COLLATE utf8_unicode_ci DEFAULT NULL COMMENT '1. Alcantarillado - 2. Energía Eléctrica - 3. TV Cable - 4. Internet. 5. Teléfono',
  `act_principal_spub` enum('0','1') COLLATE utf8_unicode_ci DEFAULT NULL COMMENT '0. Si - 1. No',
  `act_principal_spart` enum('0','1') COLLATE utf8_unicode_ci DEFAULT NULL COMMENT '0. Si - 1. No',
  `tiempo_exp_spub` tinyint(3) DEFAULT NULL,
  `tiempo_exp_spart` tinyint(3) DEFAULT NULL,
  `actividad_complementaria` enum('0','1') COLLATE utf8_unicode_ci DEFAULT NULL COMMENT '0. Si - 1. No',
  `tiempo_exp_complem` tinyint(3) DEFAULT NULL,
  `pertenece_organizacion` enum('0','1') COLLATE utf8_unicode_ci DEFAULT NULL COMMENT '0. Si - 1. No',
  `cual_organizacion` varchar(100) COLLATE utf8_unicode_ci DEFAULT NULL,
  `caracterizado` enum('0','1') COLLATE utf8_unicode_ci DEFAULT NULL COMMENT '0. Si - 1. No',
  `entidad_caracterizo` varchar(100) COLLATE utf8_unicode_ci DEFAULT NULL,
  `eval_responsabilidad` tinyint(1) DEFAULT NULL,
  `eval_autoestima` tinyint(1) DEFAULT NULL,
  `eval_socialibidad` tinyint(1) DEFAULT NULL,
  `eval_integridad` tinyint(1) DEFAULT NULL,
  `eval_amabilidad` tinyint(1) DEFAULT NULL,
  `ingresos_familiar` int(11) DEFAULT NULL,
  `otros_ingresos_familiar` int(11) DEFAULT NULL,
  `gastos_familiar` int(11) DEFAULT NULL,
  `ahorro_familiar` enum('0','1') COLLATE utf8_unicode_ci DEFAULT NULL COMMENT '0. Si - 1. No',
  `licencia_conduccion` enum('0','1') COLLATE utf8_unicode_ci DEFAULT NULL COMMENT '0. Si - 1. No',
  `tarjeta_propiedad` enum('0','1') COLLATE utf8_unicode_ci DEFAULT NULL COMMENT '0. Si - 1. No',
  `soat` enum('0','1') COLLATE utf8_unicode_ci DEFAULT NULL COMMENT '0. Si - 1. No',
  `tecnico_mecanica` enum('0','1') COLLATE utf8_unicode_ci DEFAULT NULL COMMENT '0. Si - 1. No',
  `matriculado` enum('0','1') COLLATE utf8_unicode_ci DEFAULT NULL COMMENT '0. Si - 1. No',
  `id_cargo` tinyint(3) DEFAULT NULL,
  `exp_servicio_mecanica` tinyint(2) DEFAULT NULL,
  `exp_servicio_montallantas` tinyint(2) DEFAULT NULL,
  `exp_lavador_carro` tinyint(2) DEFAULT NULL,
  `exp_vendedor_dulces` tinyint(2) DEFAULT NULL,
  `exp_recreacionista` tinyint(2) DEFAULT NULL,
  `exp_suministro_alim` tinyint(2) DEFAULT NULL,
  `ingreso_promedio` int(11) DEFAULT NULL,
  `gasto_promedio` int(11) DEFAULT NULL,
  `dependencia_economica` tinyint(2) DEFAULT NULL,
  `tiempo_mototaxismo` tinyint(2) DEFAULT NULL,
  `actividad_rentable` enum('0','1') COLLATE utf8_unicode_ci DEFAULT NULL COMMENT '0. Si - 1. No',
  `actividad_rentable_razones` varchar(255) COLLATE utf8_unicode_ci DEFAULT NULL,
  `fecha_diligenciamiento` date DEFAULT NULL,
  `encuestado` varchar(100) COLLATE utf8_unicode_ci DEFAULT NULL,
  `encuestador` varchar(100) COLLATE utf8_unicode_ci DEFAULT NULL,
  PRIMARY KEY (`id_persona`),
  KEY `fk6` (`id_municipio2`),
  KEY `fk7` (`id_barrio`),
  KEY `fk8` (`id_religion`),
  KEY `fk9` (`id_eps`),
  KEY `fk10` (`id_fondo_pension`),
  KEY `fk11` (`id_nivel_educativo`),
  KEY `fk12` (`id_titulo`),
  KEY `fk13` (`id_curso`),
  KEY `fk14` (`id_entidad`),
  KEY `fk15` (`id_curso_recibir`),
  KEY `fk16` (`id_entidad_capacite`),
  KEY `fk17` (`id_tipo_vivienda`),
  KEY `fk18` (`id_tipo_acabado`),
  KEY `fk19` (`id_financiacion_vivienda`),
  KEY `fk20` (`id_cargo`)
) ENGINE=InnoDB  DEFAULT CHARSET=utf8 COLLATE=utf8_unicode_ci AUTO_INCREMENT=6 ;

--
-- Volcado de datos para la tabla `personas`
--

INSERT INTO `personas` (`id_persona`, `cedula`, `nombre`, `celular`, `genero`, `edad`, `estado_civil`, `id_municipio2`, `id_barrio`, `estrato`, `id_religion`, `personas_hogar`, `personas_cargo`, `personas_trabajan`, `seguridad_social`, `id_eps`, `cotiza_pension`, `tiempo_pension`, `id_fondo_pension`, `id_nivel_educativo`, `tiempo_terminado`, `id_titulo`, `ocupacion`, `tiempo_experiencia`, `vinculacion`, `id_curso`, `id_entidad`, `id_curso_recibir`, `id_entidad_capacite`, `id_tipo_vivienda`, `id_tipo_acabado`, `id_financiacion_vivienda`, `habitaciones_vivienda`, `servicios_publicos`, `act_principal_spub`, `act_principal_spart`, `tiempo_exp_spub`, `tiempo_exp_spart`, `actividad_complementaria`, `tiempo_exp_complem`, `pertenece_organizacion`, `cual_organizacion`, `caracterizado`, `entidad_caracterizo`, `eval_responsabilidad`, `eval_autoestima`, `eval_socialibidad`, `eval_integridad`, `eval_amabilidad`, `ingresos_familiar`, `otros_ingresos_familiar`, `gastos_familiar`, `ahorro_familiar`, `licencia_conduccion`, `tarjeta_propiedad`, `soat`, `tecnico_mecanica`, `matriculado`, `id_cargo`, `exp_servicio_mecanica`, `exp_servicio_montallantas`, `exp_lavador_carro`, `exp_vendedor_dulces`, `exp_recreacionista`, `exp_suministro_alim`, `ingreso_promedio`, `gasto_promedio`, `dependencia_economica`, `tiempo_mototaxismo`, `actividad_rentable`, `actividad_rentable_razones`, `fecha_diligenciamiento`, `encuestado`, `encuestador`) VALUES
(2, 73211652, 'enrique rojas', 123456789, '1', 35, 2, NULL, NULL, NULL, NULL, NULL, NULL, NULL, NULL, NULL, NULL, NULL, NULL, NULL, NULL, NULL, NULL, NULL, NULL, NULL, NULL, NULL, NULL, NULL, NULL, NULL, NULL, NULL, NULL, NULL, NULL, NULL, NULL, NULL, NULL, NULL, NULL, NULL, NULL, NULL, NULL, NULL, NULL, NULL, NULL, NULL, NULL, NULL, NULL, NULL, NULL, NULL, NULL, NULL, NULL, NULL, NULL, NULL, NULL, NULL, NULL, NULL, NULL, NULL, NULL, NULL, NULL, NULL),
(3, 1234, 'kinakeyoy', 1234567890, '1', 40, 1, NULL, NULL, NULL, NULL, NULL, NULL, NULL, NULL, NULL, NULL, NULL, NULL, NULL, NULL, NULL, NULL, NULL, NULL, NULL, NULL, NULL, NULL, NULL, NULL, NULL, NULL, NULL, NULL, NULL, NULL, NULL, NULL, NULL, NULL, NULL, NULL, NULL, NULL, NULL, NULL, NULL, NULL, NULL, NULL, NULL, NULL, NULL, NULL, NULL, NULL, NULL, NULL, NULL, NULL, NULL, NULL, NULL, NULL, NULL, NULL, NULL, NULL, NULL, NULL, NULL, NULL, NULL),
(4, 1, '1', 1, '1', 1, 2, NULL, NULL, NULL, NULL, NULL, NULL, NULL, NULL, NULL, NULL, NULL, NULL, NULL, NULL, NULL, NULL, NULL, NULL, NULL, NULL, NULL, NULL, NULL, NULL, NULL, NULL, NULL, NULL, NULL, NULL, NULL, NULL, NULL, NULL, NULL, NULL, NULL, NULL, NULL, NULL, NULL, NULL, NULL, NULL, NULL, NULL, NULL, NULL, NULL, NULL, NULL, NULL, NULL, NULL, NULL, NULL, NULL, NULL, NULL, NULL, NULL, NULL, NULL, NULL, NULL, NULL, NULL),
(5, 73211652, 'enrique rojas reyes', 2147483647, '1', 35, 2, 3, 3, 4, 2, 4, 4, 2, '2', 13, '1', 5, NULL, NULL, NULL, NULL, NULL, NULL, NULL, NULL, NULL, NULL, NULL, NULL, NULL, NULL, NULL, NULL, NULL, NULL, NULL, NULL, NULL, NULL, NULL, NULL, NULL, NULL, NULL, NULL, NULL, NULL, NULL, NULL, NULL, NULL, NULL, NULL, NULL, NULL, NULL, NULL, NULL, NULL, NULL, NULL, NULL, NULL, NULL, NULL, NULL, NULL, NULL, NULL, NULL, NULL, NULL, NULL);

-- --------------------------------------------------------

--
-- Estructura de tabla para la tabla `religiones`
--

CREATE TABLE IF NOT EXISTS `religiones` (
  `id_religion` smallint(4) NOT NULL AUTO_INCREMENT,
  `nomb_religion` varchar(70) COLLATE utf8_unicode_ci NOT NULL,
  PRIMARY KEY (`id_religion`)
) ENGINE=InnoDB  DEFAULT CHARSET=utf8 COLLATE=utf8_unicode_ci AUTO_INCREMENT=5 ;

--
-- Volcado de datos para la tabla `religiones`
--

INSERT INTO `religiones` (`id_religion`, `nomb_religion`) VALUES
(1, 'Cristiano-Catolico'),
(2, 'Cristiano-Protestante'),
(3, 'Mormones'),
(4, 'Budismo');

-- --------------------------------------------------------

--
-- Estructura de tabla para la tabla `sysdiagrams`
--

CREATE TABLE IF NOT EXISTS `sysdiagrams` (
  `name` varchar(0) COLLATE utf8_unicode_ci NOT NULL,
  `principal_id` int(11) NOT NULL,
  `diagram_id` int(11) NOT NULL,
  `version` int(11) DEFAULT NULL,
  `definition` longblob,
  PRIMARY KEY (`diagram_id`)
) ENGINE=InnoDB DEFAULT CHARSET=utf8 COLLATE=utf8_unicode_ci;

-- --------------------------------------------------------

--
-- Estructura de tabla para la tabla `tipoacabados`
--

CREATE TABLE IF NOT EXISTS `tipoacabados` (
  `id_tipo_acabado` tinyint(3) NOT NULL AUTO_INCREMENT,
  `nomb_tipo_acabado` varchar(255) COLLATE utf8_unicode_ci NOT NULL,
  PRIMARY KEY (`id_tipo_acabado`)
) ENGINE=InnoDB  DEFAULT CHARSET=utf8 COLLATE=utf8_unicode_ci AUTO_INCREMENT=7 ;

--
-- Volcado de datos para la tabla `tipoacabados`
--

INSERT INTO `tipoacabados` (`id_tipo_acabado`, `nomb_tipo_acabado`) VALUES
(1, 'Acabada'),
(2, 'Obra Negra'),
(3, 'Obra gris'),
(4, 'Acabada'),
(5, 'Obra Negra'),
(6, 'Obra gris');

-- --------------------------------------------------------

--
-- Estructura de tabla para la tabla `tipoviviendas`
--

CREATE TABLE IF NOT EXISTS `tipoviviendas` (
  `id_tipo_vivienda` tinyint(3) NOT NULL AUTO_INCREMENT,
  `nomb_tipo_vivienda` varchar(255) COLLATE utf8_unicode_ci NOT NULL,
  PRIMARY KEY (`id_tipo_vivienda`)
) ENGINE=InnoDB  DEFAULT CHARSET=utf8 COLLATE=utf8_unicode_ci AUTO_INCREMENT=4 ;

--
-- Volcado de datos para la tabla `tipoviviendas`
--

INSERT INTO `tipoviviendas` (`id_tipo_vivienda`, `nomb_tipo_vivienda`) VALUES
(1, 'Propia'),
(2, 'Familiar'),
(3, 'Arrendada');

-- --------------------------------------------------------

--
-- Estructura de tabla para la tabla `titulosobtenidos`
--

CREATE TABLE IF NOT EXISTS `titulosobtenidos` (
  `id_titulo` int(11) NOT NULL AUTO_INCREMENT,
  `nomb_titulo` varchar(255) COLLATE utf8_unicode_ci NOT NULL,
  `Id_nivel_educativo` int(11) NOT NULL,
  PRIMARY KEY (`id_titulo`),
  KEY `fk5` (`Id_nivel_educativo`)
) ENGINE=InnoDB  DEFAULT CHARSET=utf8 COLLATE=utf8_unicode_ci AUTO_INCREMENT=678 ;

--
-- Volcado de datos para la tabla `titulosobtenidos`
--

INSERT INTO `titulosobtenidos` (`id_titulo`, `nomb_titulo`, `Id_nivel_educativo`) VALUES
(1, 'BACHILLER ACADEMICO', 1),
(2, 'TECNICA EN CONTABILIDAD SISTEMATIZADA', 2),
(3, 'TECNICA EN ELECTRONICA', 2),
(4, 'TECNICA PROFESIONAL ADMINISTRATIVA', 2),
(5, 'TECNICA PROFESIONAL AGROPECUARIO', 2),
(6, 'TECNICA PROFESIONAL BILINGUE EN ORGANIZACION DE EVENTOS, COMUNICACION Y PROTOCOLO', 2),
(7, 'TECNICA PROFESIONAL CONTABLE', 2),
(8, 'TECNICA PROFESIONAL DE PROCESOS ADMINISTRATIVOS', 2),
(9, 'TECNICA PROFESIONAL DE SISTEMAS EN PROGRAMACION Y MANTENIMIENTO DE COMPUTADORES', 2),
(10, 'TECNICA PROFESIONAL EN ACUICULTURA', 2),
(11, 'TECNICA PROFESIONAL EN ADMINISTRACION BANCARIA Y FINANCIERA', 2),
(12, 'TECNICA PROFESIONAL EN ADMINISTRACION COMERCIAL', 2),
(13, 'TECNICA PROFESIONAL EN ADMINISTRACION DE COSTOS Y AUDITORIA', 2),
(14, 'TECNICA PROFESIONAL EN ADMINISTRACION DE EMPRESAS', 2),
(15, 'TECNICA PROFESIONAL EN ADMINISTRACION DE LA CONSTRUCCION', 2),
(16, 'TECNICA PROFESIONAL EN ADMINISTRACION DE PROCESOS MUNICIPALES', 2),
(17, 'TECNICA PROFESIONAL EN ADMINISTRACION DE SISTEMAS INFORMATICOS', 2),
(18, 'TECNICA PROFESIONAL EN ADMINISTRACION HOTELERA', 2),
(19, 'TECNICA PROFESIONAL EN ADMINISTRACION HOTELERA Y TURISTICA', 2),
(20, 'TECNICA PROFESIONAL EN ADMINISTRACION TURISTICA Y HOTELERA', 2),
(21, 'TECNICA PROFESIONAL EN ADMINISTRACION Y PRODUCCION AGROINDUSTRIAL', 2),
(22, 'TECNICA PROFESIONAL EN AGROINDUSTRIA ALIMENTARIA', 2),
(23, 'TECNICA PROFESIONAL EN AGROPECUARIA', 2),
(24, 'TECNICA PROFESIONAL EN AGROTURISMO', 2),
(25, 'TECNICA PROFESIONAL EN ALTA COSTURA', 2),
(26, 'TECNICA PROFESIONAL EN AMBIENTAL', 2),
(27, 'TECNICA PROFESIONAL EN ANALISIS DE MEDICIONES DE LA PRODUCCION MINERO ENERGETICA', 2),
(28, 'TECNICA PROFESIONAL EN ANALISIS Y DISEÑO DE BASES DE DATOS', 2),
(29, 'TECNICA PROFESIONAL EN ANALISIS Y DISEÑO DE SISTEMAS DE COMPUTACION', 2),
(30, 'TECNICA PROFESIONAL EN ANALISIS Y PROGRAMACION DE COMPUTADORES', 2),
(31, 'TECNICA PROFESIONAL EN APLICACION DE SOLUCIONES INFORMATICAS', 2),
(32, 'TECNICA PROFESIONAL EN ARTE GRAFICO Y PUBLICITARIO', 2),
(33, 'TECNICA PROFESIONAL EN ASEGURAMIENTO DE LA CALIDAD ALIMENTARIA', 2),
(34, 'TECNICA PROFESIONAL EN ATENCION AL CLIENTE', 2),
(35, 'TECNICA PROFESIONAL EN ATENCION PREHOSPITALARIA', 2),
(36, 'TECNICA PROFESIONAL EN BALISTICA', 2),
(37, 'TECNICA PROFESIONAL EN BIOTECNOLOGIA AGRARIA', 2),
(38, 'TECNICA PROFESIONAL EN BIOTRANSFORMACION DE RESIDUOS ORGANICOS', 2),
(39, 'TECNICA PROFESIONAL EN COCINA', 2),
(40, 'TECNICA PROFESIONAL EN COMERCIALIZACION DE ARTESANIAS', 2),
(41, 'TECNICA PROFESIONAL EN COMERCIALIZACION DE CAFE', 2),
(42, 'TECNICA PROFESIONAL EN COMERCIO EXTERIOR', 2),
(43, 'TECNICA PROFESIONAL EN COMERCIO EXTERIOR Y LOGISTICA', 2),
(44, 'TECNICA PROFESIONAL EN COMERCIO INTERNACIONAL', 2),
(45, 'TECNICA PROFESIONAL EN COMERCIO INTERNACIONAL Y LEGISLACION ADUANERA', 2),
(46, 'TECNICA PROFESIONAL EN COMPUTACION', 2),
(47, 'TECNICA PROFESIONAL EN CONFECCION, ACABADOS Y SUPERVISION', 2),
(48, 'TECNICA PROFESIONAL EN CONFIGURACION DE SERVICIOS COMERCIALES WEB', 2),
(49, 'TECNICA PROFESIONAL EN CONSERVACION ALIMENTARIA', 2),
(50, 'TECNICA PROFESIONAL EN CONSTRUCCION', 2),
(51, 'TECNICA PROFESIONAL EN CONSTRUCCION DE EDIFICACIONES', 2),
(52, 'TECNICA PROFESIONAL EN CONSTRUCCION DE OBRA', 2),
(53, 'TECNICA PROFESIONAL EN CONSTRUCCION DE PROYECTOS ARQUITECTONICOS', 2),
(54, 'TECNICA PROFESIONAL EN CONSTRUCCION DE SOFWARE', 2),
(55, 'TECNICA PROFESIONAL EN CONSTRUCCION Y ADMINISTRACION DE OBRAS CIVILES', 2),
(56, 'TECNICA PROFESIONAL EN CONTABILIDAD', 2),
(57, 'TECNICA PROFESIONAL EN CONTABILIDAD COMERCIAL', 2),
(58, 'TECNICA PROFESIONAL EN CONTABILIDAD FINANCIERA (POR CICLOS PROPEDEUTICOS)', 2),
(59, 'TECNICA PROFESIONAL EN CONTABILIDAD SISTEMATIZADA', 2),
(60, 'TECNICA PROFESIONAL EN CONTABILIDAD Y COSTOS', 2),
(61, 'TECNICA PROFESIONAL EN CONTABILIDAD Y FINANZAS', 2),
(62, 'TECNICA PROFESIONAL EN CONTABILIDAD, COSTOS Y AUDITORIA', 2),
(63, 'TECNICA PROFESIONAL EN CONTADURIA', 2),
(64, 'TECNICA PROFESIONAL EN CONTADURIA SISTEMATIZADA', 2),
(65, 'TECNICA PROFESIONAL EN CONTROL DE LA CALIDAD DE ALIMENTOS', 2),
(66, 'TECNICA PROFESIONAL EN COSMETOLOGIA Y ESTETICA CORPORAL', 2),
(67, 'TECNICA PROFESIONAL EN COSTOS Y CONTABILIDAD', 2),
(68, 'TECNICA PROFESIONAL EN CRIMINALISTICA', 2),
(69, 'TECNICA PROFESIONAL EN CRIMINALISTICA (CICLO PROPEDEUTICO)', 2),
(70, 'TECNICA PROFESIONAL EN CULINARIA', 2),
(71, 'TECNICA PROFESIONAL EN DACTILOSCOPIA', 2),
(72, 'TECNICA PROFESIONAL EN DANZA CONTEMPORANEA "CUERPO CREADOR"', 2),
(73, 'TECNICA PROFESIONAL EN DESAROLLO SOCIAL Y SALUD COMUNITARIA', 2),
(74, 'TECNICA PROFESIONAL EN DESARROLLO AMBIENTAL', 2),
(75, 'TECNICA PROFESIONAL EN DESARROLLO DE APLICACIONES PARA MOVILES', 2),
(76, 'TECNICA PROFESIONAL EN DESARROLLO DE JOYAS, BOLSOS Y CALZADO', 2),
(77, 'TECNICA PROFESIONAL EN DESARROLLO DE PRODUCTOS INDUSTRIALES', 2),
(78, 'TECNICA PROFESIONAL EN DESARROLLO DE SOFTWARE', 2),
(79, 'TECNICA PROFESIONAL EN DESARROLLO DE SOFTWARE Y REDES', 2),
(80, 'TECNICA PROFESIONAL EN DESARROLLO DE SOFTWARE Y REDES DE COMPUTO', 2),
(81, 'TECNICA PROFESIONAL EN DESARROLLO EMPRESARIAL', 2),
(82, 'TECNICA PROFESIONAL EN DIBUJO ARQUITECTONICO Y DECORACION', 2),
(83, 'TECNICA PROFESIONAL EN DIBUJO MECANICO Y DE HERRAMIENTAS INDUSTRIALES', 2),
(84, 'TECNICA PROFESIONAL EN DISEÑO DE ALTA COSTURA', 2),
(85, 'TECNICA PROFESIONAL EN DISEÑO DE MAQUINAS', 2),
(86, 'TECNICA PROFESIONAL EN DISEÑO DE MODAS', 2),
(87, 'TECNICA PROFESIONAL EN DISEÑO DE VESTUARIO Y PATRONAJE', 2),
(88, 'TECNICA PROFESIONAL EN DISEÑO DIGITAL', 2),
(89, 'TECNICA PROFESIONAL EN DISEÑO GRAFICO', 2),
(90, 'TECNICA PROFESIONAL EN DISEÑO TEXTIL', 2),
(91, 'TECNICA PROFESIONAL EN DISEÑO Y MANUFACTURA ASISTIDA POR COMPUTADOR', 2),
(92, 'TECNICA PROFESIONAL EN DISTRIBUCION LOGISTICA Y COMERCIAL', 2),
(93, 'TECNICA PROFESIONAL EN DOCUMENTACION DE LA CALIDAD', 2),
(94, 'TECNICA PROFESIONAL EN DOCUMENTACION DE PROYECTOS URBANISTICOS', 2),
(95, 'TECNICA PROFESIONAL EN DOCUMENTOLOGIA', 2),
(96, 'TECNICA PROFESIONAL EN ELABORACION DE VESTUARIO Y PATRONAJE', 2),
(97, 'TECNICA PROFESIONAL EN ELECTRICIDAD INDUSTRIAL', 2),
(98, 'TECNICA PROFESIONAL EN ELECTROMECANICA', 2),
(99, 'TECNICA PROFESIONAL EN ELECTROMEDICINA', 2),
(100, 'TECNICA PROFESIONAL EN ELECTRONICA', 2),
(101, 'TECNICA PROFESIONAL EN ELECTRONICA DIGITAL', 2),
(102, 'TECNICA PROFESIONAL EN ELECTRONICA INDUSTRIAL', 2),
(103, 'TECNICA PROFESIONAL EN ELECTRONICA Y TELECOMUNICACIONES', 2),
(104, 'TECNICA PROFESIONAL EN EMPRENDIMIENTO Y DESARROLLO EMPRESARIAL', 2),
(105, 'TECNICA PROFESIONAL EN ENTRENAMIENTO DEPORTIVO', 2),
(106, 'TECNICA PROFESIONAL EN ESTABLECIMIENTO Y APROVECHAMIENTO DE CULTIVOS ENERGETICOS', 2),
(107, 'TECNICA PROFESIONAL EN ESTABLECIMIENTO Y APROVECHAMIENTO DE PLANTACIONES FORESTALES', 2),
(108, 'TECNICA PROFESIONAL EN ESTETICA COSMETOLOGICA', 2),
(109, 'TECNICA PROFESIONAL EN ESTETICA Y COSMETOLOGIA', 2),
(110, 'TECNICA PROFESIONAL EN EXPLOSIVOS', 2),
(111, 'TECNICA PROFESIONAL EN EXPRESION DIGITAL Y ADAPTACION DE ESPACIOS', 2),
(112, 'TECNICA PROFESIONAL EN EXPRESION GRAFICA ARQUITECTONICA', 2),
(113, 'TECNICA PROFESIONAL EN EXTRACCION Y MAQUINARIA MINERO AURIFERA', 2),
(114, 'TECNICA PROFESIONAL EN FABRICACION INDUSTRIAL DE PRODUCTOS CERAMICOS', 2),
(115, 'TECNICA PROFESIONAL EN FACTURACION Y CARTERA DE SERVICIOS DE SALUD', 2),
(116, 'TECNICA PROFESIONAL EN FACTURACION Y DOCUMENTACION DE SERVICIOS DE SALUD', 2),
(117, 'TECNICA PROFESIONAL EN FORMACION JUDICIAL Y CRIMINALISTICA', 2),
(118, 'TECNICA PROFESIONAL EN FORMULACION Y GESTION DE PROYECTOS', 2),
(119, 'TECNICA PROFESIONAL EN FOTOGRAFIA', 2),
(120, 'TECNICA PROFESIONAL EN FOTOGRAFIA E IMAGEN FORENSE', 2),
(121, 'TECNICA PROFESIONAL EN FOTOGRAFIA Y CAMAROGRAFIA', 2),
(122, 'TECNICA PROFESIONAL EN FUTBOL', 2),
(123, 'TECNICA PROFESIONAL EN GASTRONOMIA', 2),
(124, 'TECNICA PROFESIONAL EN GESTION ADUANERA Y ZONAS FRANCAS', 2),
(125, 'TECNICA PROFESIONAL EN GESTION AGROPECUARIA', 2),
(126, 'TECNICA PROFESIONAL EN GESTION AMBIENTAL', 2),
(127, 'TECNICA PROFESIONAL EN GESTION COMERCIAL Y FINANCIERA', 2),
(128, 'TECNICA PROFESIONAL EN GESTION COMERCIAL Y LOGISTICA', 2),
(129, 'TECNICA PROFESIONAL EN GESTION CONTABLE', 2),
(130, 'TECNICA PROFESIONAL EN GESTION DE ADUANAS Y COMERCIO EXTERIOR', 2),
(131, 'TECNICA PROFESIONAL EN GESTION DE BARES Y RESTAURANTES', 2),
(132, 'TECNICA PROFESIONAL EN GESTION DEL MANTENIMIENTO Y SEGURIDAD INDUSTRIAL', 2),
(133, 'TECNICA PROFESIONAL EN GESTION EMPRESARIAL', 2),
(134, 'TECNICA PROFESIONAL EN GESTION FINANCIERA', 2),
(135, 'TECNICA PROFESIONAL EN GESTION HOTELERA', 2),
(136, 'TECNICA PROFESIONAL EN GESTION HOTELERA Y DE SERVICIOS', 2),
(137, 'TECNICA PROFESIONAL EN GESTION LOGISTICA DEL TRANSPORTE', 2),
(138, 'TECNICA PROFESIONAL EN GESTION SECRETARIAL EJECUTIVA BILINGUE', 2),
(139, 'TECNICA PROFESIONAL EN HIGIENE Y SEGURIDAD EN EL TRABAJO', 2),
(140, 'TECNICA PROFESIONAL EN HIGIENE Y SEGURIDAD OCUPACIONAL', 2),
(141, 'TECNICA PROFESIONAL EN HOTELERIA', 2),
(142, 'TECNICA PROFESIONAL EN HOTELERIA Y TURISMO', 2),
(143, 'TECNICA PROFESIONAL EN IDENTIFICACION DE AUTOMOTORES', 2),
(144, 'TECNICA PROFESIONAL EN IMAGEN GRAFICA PUBLICITARIA', 2),
(145, 'TECNICA PROFESIONAL EN IMPLEMENTACION DE SISTEMAS DE TELECOMUNICACIONES', 2),
(146, 'TECNICA PROFESIONAL EN IMPLEMENTACION DE SOFTWARE', 2),
(147, 'TECNICA PROFESIONAL EN IMPRESION GRAFICA', 2),
(148, 'TECNICA PROFESIONAL EN IMPUESTOS Y ADUANAS', 2),
(149, 'TECNICA PROFESIONAL EN INFORMATICA', 2),
(150, 'TECNICA PROFESIONAL EN INFORMATICA EMPRESARIAL', 2),
(151, 'TECNICA PROFESIONAL EN INSTALACION DE REDES DE TELECOMUNICACIONES', 2),
(152, 'TECNICA PROFESIONAL EN INSTALACION Y MANTENIMIENTO DE REDES DE ENERGIA ELECTRICA', 2),
(153, 'TECNICA PROFESIONAL EN INSTALACION Y MANTENIMIENTO DE REDES DE TELECOMUNICACIONES', 2),
(154, 'TECNICA PROFESIONAL EN INSTALACION Y MANTENIMIENTO DE REDES Y COMPUTADORES', 2),
(155, 'TECNICA PROFESIONAL EN INSTALACIONES DE REDES DE TELECOMUNICACIONES', 2),
(156, 'TECNICA PROFESIONAL EN INSTALACIONES DE REDES HIDRAULICAS, SANITARIAS Y DE GAS PARA EDIFICACIONES', 2),
(157, 'TECNICA PROFESIONAL EN INSTALACIONES ELECTRICAS PARA EDIFICACIONES', 2),
(158, 'TECNICA PROFESIONAL EN INSTRUMENTACION INDUSTRIAL', 2),
(159, 'TECNICA PROFESIONAL EN INSTRUMENTACION Y CONTROL INDUSTRIAL', 2),
(160, 'TECNICA PROFESIONAL EN INVESTIGACION JUDICIAL', 2),
(161, 'TECNICA PROFESIONAL EN INVESTIGACION Y SEGURIDAD', 2),
(162, 'TECNICA PROFESIONAL EN LA CONSTRUCCION DE ELEMENTOS ESTRUCTURALES Y NO ESTRUCTURALES PARA EDIFICACIONES', 2),
(163, 'TECNICA PROFESIONAL EN LA ELABORACION DE ACABADOS ARQUITECTONICOS PARA EDIFICACIONES', 2),
(164, 'TECNICA PROFESIONAL EN LA TRANSFORMACION DE PLANTAS AROMATICAS', 2),
(165, 'TECNICA PROFESIONAL EN LOCUCION Y PERIODISMO ELECTRONICO', 2),
(166, 'TECNICA PROFESIONAL EN LOGISTICA DE COMERCIO EXTERIOR', 2),
(167, 'TECNICA PROFESIONAL EN LOGISTICA DE EVENTOS', 2),
(168, 'TECNICA PROFESIONAL EN LOGISTICA DE PRODUCCION', 2),
(169, 'TECNICA PROFESIONAL EN LOGISTICA INTERNACIONAL DE COMERCIO', 2),
(170, 'TECNICA PROFESIONAL EN LOGISTICA PARA LA PRODUCCION DE EVENTOS CULTURALES Y ARTISTICOS', 2),
(171, 'TECNICA PROFESIONAL EN LOGISTICA Y MERCHANDISING DE ALIMENTOS', 2),
(172, 'TECNICA PROFESIONAL EN MANEJO AGROFORESTAL', 2),
(173, 'TECNICA PROFESIONAL EN MANEJO DE LA PREVENCION DE RIESGOS LABORALES', 2),
(174, 'TECNICA PROFESIONAL EN MANEJO DE MICROCREDITOS', 2),
(175, 'TECNICA PROFESIONAL EN MANEJO DE SUELOS', 2),
(176, 'TECNICA PROFESIONAL EN MANEJO DE SUELOS Y AGUAS', 2),
(177, 'TECNICA PROFESIONAL EN MANEJO DE VEHICULOS DE CARGA PESADA', 2),
(178, 'TECNICA PROFESIONAL EN MANEJO DE VOZ Y DATOS PARA BPO', 2),
(179, 'TECNICA PROFESIONAL EN MANEJO SILVICULTURA', 2),
(180, 'TECNICA PROFESIONAL EN MANEJO SILVICULTURAL', 2),
(181, 'TECNICA PROFESIONAL EN MANEJO SILVICULTURAL EN CICLOS PROPEDEUTICOS', 2),
(182, 'TECNICA PROFESIONAL EN MANEJO SILVICULTURAL POR CICLOS PROPEDEUTICOS', 2),
(183, 'TECNICA PROFESIONAL EN MANTENIMIENTO DE COMPUTADORES', 2),
(184, 'TECNICA PROFESIONAL EN MANTENIMIENTO DE COMPUTADORES E INSTALACION Y CONFIGURACION DE REDES LAN', 2),
(185, 'TECNICA PROFESIONAL EN MANTENIMIENTO DE COMPUTADORES Y REDES', 2),
(186, 'TECNICA PROFESIONAL EN MANTENIMIENTO DE COMPUTADORES Y REDES (CICLOS PROPEDEUTICOS)', 2),
(187, 'TECNICA PROFESIONAL EN MANTENIMIENTO DE EQUIPOS DE AUDIO Y VIDEO', 2),
(188, 'TECNICA PROFESIONAL EN MANTENIMIENTO DE INSTALACIONES ELECTRICAS INDUSTRIALES Y COMERCIALES', 2),
(189, 'TECNICA PROFESIONAL EN MANTENIMIENTO DE MAQUINARIA PESADA', 2),
(190, 'TECNICA PROFESIONAL EN MANTENIMIENTO DE REDES', 2),
(191, 'TECNICA PROFESIONAL EN MANTENIMIENTO DE SISTEMAS INFORMATICOS', 2),
(192, 'TECNICA PROFESIONAL EN MANTENIMIENTO DE SISTEMAS MECATRONICOS', 2),
(193, 'TECNICA PROFESIONAL EN MANTENIMIENTO ELECTROMECANICO', 2),
(194, 'TECNICA PROFESIONAL EN MANTENIMIENTO ELECTRONICO', 2),
(195, 'TECNICA PROFESIONAL EN MANTENIMIENTO ELECTRONICO INDUSTRIAL', 2),
(196, 'TECNICA PROFESIONAL EN MANTENIMIENTO INDUSTRIAL', 2),
(197, 'TECNICA PROFESIONAL EN MANTENIMIENTO INFORMATICO', 2),
(198, 'TECNICA PROFESIONAL EN MANTENIMIENTO MECANICO APLICADO A LA OPERACION DE ARMAS DE ARTILLERIA', 2),
(199, 'TECNICA PROFESIONAL EN MANTENIMIENTO Y COMERCIALIZACION DE EQUIPOS BIOMEDICOS', 2),
(200, 'TECNICA PROFESIONAL EN MANUFACTURA DE CALZADO Y MARROQUINERIA', 2),
(201, 'TECNICA PROFESIONAL EN MASOTERAPIA', 2),
(202, 'TECNICA PROFESIONAL EN MECANICA AUTOMOTRIZ', 2),
(203, 'TECNICA PROFESIONAL EN MECANICA DENTAL', 2),
(204, 'TECNICA PROFESIONAL EN MECANIZACION AGRICOLA', 2),
(205, 'TECNICA PROFESIONAL EN MEDICION DEL IMPACTO AMBIENTAL', 2),
(206, 'TECNICA PROFESIONAL EN MEDIOS AUDIOVISUALES', 2),
(207, 'TECNICA PROFESIONAL EN MERCADEO', 2),
(208, 'TECNICA PROFESIONAL EN MERCADEO Y ESTRATEGIAS COMERCIALES', 2),
(209, 'TECNICA PROFESIONAL EN MERCADEO Y PUBLICIDAD', 2),
(210, 'TECNICA PROFESIONAL EN MERCADEO Y VENTAS', 2),
(211, 'TECNICA PROFESIONAL EN MERCADOTECNIA', 2),
(212, 'TECNICA PROFESIONAL EN MESA Y BAR', 2),
(213, 'TECNICA PROFESIONAL EN MICROFUNDICION DE METALES', 2),
(214, 'TECNICA PROFESIONAL EN MINERIA SOSTENIBLE', 2),
(215, 'TECNICA PROFESIONAL EN MONITOREO AGRICOLA', 2),
(216, 'TECNICA PROFESIONAL EN MONITOREO AMBIENTAL', 2),
(217, 'TECNICA PROFESIONAL EN MONTAJE E INSTALACION DE MAQUINAS Y EQUIPOS INDUSTRIALES', 2),
(218, 'TECNICA PROFESIONAL EN MONTAJE ESCENICO', 2),
(219, 'TECNICA PROFESIONAL EN MONTAJE Y MANTENIMIENTO DE REDES', 2),
(220, 'TECNICA PROFESIONAL EN NOMINA Y PRESTACIONES SOCIALES', 2),
(221, 'TECNICA PROFESIONAL EN NORMALIZACION DE PROCESOS INDUSTRIALES', 2),
(222, 'TECNICA PROFESIONAL EN OPERACION DE ALIMENTOS Y BEBIDAS', 2),
(223, 'TECNICA PROFESIONAL EN OPERACION DE ALMACENES Y BODEGAS', 2),
(224, 'TECNICA PROFESIONAL EN OPERACION DE ALMACENES Y TRANSPORTE', 2),
(225, 'TECNICA PROFESIONAL EN OPERACION DE COMERCIO ELECTRONICO', 2),
(226, 'TECNICA PROFESIONAL EN OPERACION DE EQUIPOS INDUSTRIALES Y ACTIVIDADES MINERAS', 2),
(227, 'TECNICA PROFESIONAL EN OPERACION DE MAQUINAS Y HERRAMIENTAS ASOCIADAS A MINERIA', 2),
(228, 'TECNICA PROFESIONAL EN OPERACION DE MERCADEO Y VENTAS', 2),
(229, 'TECNICA PROFESIONAL EN OPERACION DE MINERIA SOSTENIBLE', 2),
(230, 'TECNICA PROFESIONAL EN OPERACION DE PLANTAS PETROQUIMICAS', 2),
(231, 'TECNICA PROFESIONAL EN OPERACION DE PLATAFORMAS VIRTUALES', 2),
(232, 'TECNICA PROFESIONAL EN OPERACION DE PROCESOS ADMINISTRATIVOS DE EMPRESAS RURALES', 2),
(233, 'TECNICA PROFESIONAL EN OPERACION DE PROCESOS ADUANEROS', 2),
(234, 'TECNICA PROFESIONAL EN OPERACION DE PROCESOS DE PRODUCCION', 2),
(235, 'TECNICA PROFESIONAL EN OPERACION DE PROCESOS EMPRESARIALES', 2),
(236, 'TECNICA PROFESIONAL EN OPERACION DE PROCESOS EXTRACTIVOS DE BIOMASA', 2),
(237, 'TECNICA PROFESIONAL EN OPERACION DE PROCESOS EXTRACTIVOS DE BIOMASA ENERGETICA', 2),
(238, 'TECNICA PROFESIONAL EN OPERACION DE PROCESOS GASTRONOMICOS', 2),
(239, 'TECNICA PROFESIONAL EN OPERACION DE PROCESOS INDUSTRIALES', 2),
(240, 'TECNICA PROFESIONAL EN OPERACION DE PROCESOS PETROQUIMICOS', 2),
(241, 'TECNICA PROFESIONAL EN OPERACION DE PROYECTOS AGROPECUARIOS ECOLOGICOS', 2),
(242, 'TECNICA PROFESIONAL EN OPERACION DE PROYECTOS DE BIOCOMERCIO', 2),
(243, 'TECNICA PROFESIONAL EN OPERACION DE SEGURIDAD MINERA', 2),
(244, 'TECNICA PROFESIONAL EN OPERACION DE SERVICIOS DE GUIANZA', 2),
(245, 'TECNICA PROFESIONAL EN OPERACION DE SERVICIOS LOGISTICOS PORTUARIOS Y DE TRANSPORTE', 2),
(246, 'TECNICA PROFESIONAL EN OPERACION DE SERVICIOS TURISTICOS Y HOTELEROS', 2),
(247, 'TECNICA PROFESIONAL EN OPERACION DE SISTEMAS DE MANEJO AMBIENTAL', 2),
(248, 'TECNICA PROFESIONAL EN OPERACION DEL ALOJAMIENTO URBANO Y RURAL', 2),
(249, 'TECNICA PROFESIONAL EN OPERACION DEL MANTENIMIENTO PREVENTIVO Y CORRECTIVO DE EQUIPO PORTUARIO', 2),
(250, 'TECNICA PROFESIONAL EN OPERACION ELECTRONICA', 2),
(251, 'TECNICA PROFESIONAL EN OPERACION EN SEGURIDAD MINERA', 2),
(252, 'TECNICA PROFESIONAL EN OPERACION GASTRONOMICA Y DE BEBIDAS', 2),
(253, 'TECNICA PROFESIONAL EN OPERACION INTEGRAL DE VENTAS TURISTICAS', 2),
(254, 'TECNICA PROFESIONAL EN OPERACION LOGISTICA', 2),
(255, 'TECNICA PROFESIONAL EN OPERACION PORTUARIA', 2),
(256, 'TECNICA PROFESIONAL EN OPERACION TURISTICA', 2),
(257, 'TECNICA PROFESIONAL EN OPERACION TURISTICA Y GASTRONOMICA', 2),
(258, 'TECNICA PROFESIONAL EN OPERACION TURISTICA Y HOTELERA', 2),
(259, 'TECNICA PROFESIONAL EN OPERACION Y LOGISTICA DE EMPRESAS AGROINDUSTRIALES', 2),
(260, 'TECNICA PROFESIONAL EN OPERACION Y MANTENIMIENTO MECANICO', 2),
(261, 'TECNICA PROFESIONAL EN OPERACIONES ADMINISTRATIVAS Y FINANCIERAS DE LA SALUD', 2),
(262, 'TECNICA PROFESIONAL EN OPERACIONES ADUANERAS', 2),
(263, 'TECNICA PROFESIONAL EN OPERACIONES AGROINDUSTRIALES', 2),
(264, 'TECNICA PROFESIONAL EN OPERACIONES BANCARIAS Y SERVICIOS FINANCIEROS', 2),
(265, 'TECNICA PROFESIONAL EN OPERACIONES COMERCIALES', 2),
(266, 'TECNICA PROFESIONAL EN OPERACIONES CONTABLES', 2),
(267, 'TECNICA PROFESIONAL EN OPERACIONES DE COMERCIO EXTERIOR', 2),
(268, 'TECNICA PROFESIONAL EN OPERACIONES DE LA CADENA LOGISTICA', 2),
(269, 'TECNICA PROFESIONAL EN OPERACIONES DEL COMERCIO EXTERIOR', 2),
(270, 'TECNICA PROFESIONAL EN OPERACIONES LOGISTICAS', 2),
(271, 'TECNICA PROFESIONAL EN OPERACIONES LOGISTICAS Y PORTUARIA', 2),
(272, 'TECNICA PROFESIONAL EN OPERACIONES MINERAS', 2),
(273, 'TECNICA PROFESIONAL EN OPERACIONES PORTUARIAS', 2),
(274, 'TECNICA PROFESIONAL EN OPERACIONES PORTUARIAS (POR CICLOS PRPEDEUTICOS)', 2),
(275, 'TECNICA PROFESIONAL EN OPERACIONES TURISTICAS', 2),
(276, 'TECNICA PROFESIONAL EN PERIODISMO INFORMATIVO', 2),
(277, 'TECNICA PROFESIONAL EN PISCICULTURA CONTINENTAL', 2),
(278, 'TECNICA PROFESIONAL EN PREPRENSA DIGITAL', 2),
(279, 'TECNICA PROFESIONAL EN PREVENCION Y REHABILITACION A TRAVES DEL DEPORTE', 2),
(280, 'TECNICA PROFESIONAL EN PROCEDIMIENTOS ESTETICOS Y COSMETOLOGICOS', 2),
(281, 'TECNICA PROFESIONAL EN PROCESAMIENTO DE ALIMENTOS', 2),
(282, 'TECNICA PROFESIONAL EN PROCESAMIENTO Y CALIDAD NUTRICIONAL DE ALIMENTOS', 2),
(283, 'TECNICA PROFESIONAL EN PROCESOS ADMINISTRATIVOS', 2),
(284, 'TECNICA PROFESIONAL EN PROCESOS ADMINISTRATIVOS AGROPECUARIOS', 2),
(285, 'TECNICA PROFESIONAL EN PROCESOS ADMINISTRATIVOS DE HOTELERIA Y TURISMO', 2),
(286, 'TECNICA PROFESIONAL EN PROCESOS ADMINISTRATIVOS DE LA SEGURIDAD SOCIAL', 2),
(287, 'TECNICA PROFESIONAL EN PROCESOS ADMINISTRATIVOS DE SALUD', 2),
(288, 'TECNICA PROFESIONAL EN PROCESOS ADMINISTRATIVOS DE TALENTO HUMANO', 2),
(289, 'TECNICA PROFESIONAL EN PROCESOS ADMINISTRATIVOS EMPRESARIALES', 2),
(290, 'TECNICA PROFESIONAL EN PROCESOS ADMINISTRATIVOS EN SALUD', 2),
(291, 'TECNICA PROFESIONAL EN PROCESOS ADMINISTRATIVOS MUNICIPALES', 2),
(292, 'TECNICA PROFESIONAL EN PROCESOS ADMINISTRATIVOS PARA FINCAS CAFETERAS', 2),
(293, 'TECNICA PROFESIONAL EN PROCESOS ADMINISTRATIVOS PORTUARIOS', 2),
(294, 'TECNICA PROFESIONAL EN PROCESOS ADMINISTRATIVOS PUBLICOS', 2),
(295, 'TECNICA PROFESIONAL EN PROCESOS ADMINISTRATIVOS TURISTICOS', 2),
(296, 'TECNICA PROFESIONAL EN PROCESOS ADMINISTRATIVOS Y FINANCIEROS', 2),
(297, 'TECNICA PROFESIONAL EN PROCESOS ADMINSITRATIVOS PARA FINCAS CAFETERAS', 2),
(298, 'TECNICA PROFESIONAL EN PROCESOS ADUANEROS', 2),
(299, 'TECNICA PROFESIONAL EN PROCESOS ADUANEROS Y TRIBUTARIOS', 2),
(300, 'TECNICA PROFESIONAL EN PROCESOS AGROINDUSTRIALES', 2),
(301, 'TECNICA PROFESIONAL EN PROCESOS AMBIENTALES', 2),
(302, 'TECNICA PROFESIONAL EN PROCESOS AUDIOVISUALES', 2),
(303, 'TECNICA PROFESIONAL EN PROCESOS BANCARIOS Y FINANCIEROS', 2),
(304, 'TECNICA PROFESIONAL EN PROCESOS COMERCIALES', 2),
(305, 'TECNICA PROFESIONAL EN PROCESOS COMERCIALES Y FINANCIEROS', 2),
(306, 'TECNICA PROFESIONAL EN PROCESOS COMUNICATIVOS EMPRESARIALES', 2),
(307, 'TECNICA PROFESIONAL EN PROCESOS CONTABLES', 2),
(308, 'TECNICA PROFESIONAL EN PROCESOS CONTABLES SISTEMATIZADOS', 2),
(309, 'TECNICA PROFESIONAL EN PROCESOS CONTABLES Y TRIBUTARIOS', 2),
(310, 'TECNICA PROFESIONAL EN PROCESOS DE AGRICULTURA ORGANICA', 2),
(311, 'TECNICA PROFESIONAL EN PROCESOS DE ALMACENAMIENTO', 2),
(312, 'TECNICA PROFESIONAL EN PROCESOS DE COMERCIO EXTERIOR', 2),
(313, 'TECNICA PROFESIONAL EN PROCESOS DE COMERCIO EXTERIOR Y LOGISTICA', 2),
(314, 'TECNICA PROFESIONAL EN PROCESOS DE COMERCIO INTERNACIONAL', 2),
(315, 'TECNICA PROFESIONAL EN PROCESOS DE DESARROLLO DE PRODUCTO', 2),
(316, 'TECNICA PROFESIONAL EN PROCESOS DE DISEÑO GRAFICO', 2),
(317, 'TECNICA PROFESIONAL EN PROCESOS DE ELECTRONICA INDUSTRIAL', 2),
(318, 'TECNICA PROFESIONAL EN PROCESOS DE IMPORTACION Y EXPORTACION', 2),
(319, 'TECNICA PROFESIONAL EN PROCESOS DE MANUFACTURA', 2),
(320, 'TECNICA PROFESIONAL EN PROCESOS DE MERCADEO', 2),
(321, 'TECNICA PROFESIONAL EN PROCESOS DE OPERACION TURISTICA', 2),
(322, 'TECNICA PROFESIONAL EN PROCESOS DE PRODUCCION', 2),
(323, 'TECNICA PROFESIONAL EN PROCESOS DE PRODUCCION AGRICOLA', 2),
(324, 'TECNICA PROFESIONAL EN PROCESOS DE PRODUCCION ALIMENTARIA', 2),
(325, 'TECNICA PROFESIONAL EN PROCESOS DE PRODUCCION GRAFICA', 2),
(326, 'TECNICA PROFESIONAL EN PROCESOS DE PUBLICIDAD Y MERCADEO', 2),
(327, 'TECNICA PROFESIONAL EN PROCESOS DE SALUD OCUPACIONAL', 2),
(328, 'TECNICA PROFESIONAL EN PROCESOS DE SALUD OCUPACIONAL Y DESARROLLO SOSTENIBLE', 2),
(329, 'TECNICA PROFESIONAL EN PROCESOS DEL TALENTO HUMANO', 2),
(330, 'TECNICA PROFESIONAL EN PROCESOS DEL TURISMO SOSTENIBLE', 2),
(331, 'TECNICA PROFESIONAL EN PROCESOS EMPRESARIALES', 2),
(332, 'TECNICA PROFESIONAL EN PROCESOS EMPRESARIALES DE ENTIDADES HOSPITALARIAS', 2),
(333, 'TECNICA PROFESIONAL EN PROCESOS EMPRESARIALES PARA MIPYMES', 2),
(334, 'TECNICA PROFESIONAL EN PROCESOS EMPRESARIALES RURALES', 2),
(335, 'TECNICA PROFESIONAL EN PROCESOS EN MARKETING INTERNACIONAL', 2),
(336, 'TECNICA PROFESIONAL EN PROCESOS FINANCIEROS', 2),
(337, 'TECNICA PROFESIONAL EN PROCESOS FINANCIEROS Y BANCARIOS', 2),
(338, 'TECNICA PROFESIONAL EN PROCESOS GASTRONOMICOS Y DE BEBIDAS', 2),
(339, 'TECNICA PROFESIONAL EN PROCESOS GRAFICOS', 2),
(340, 'TECNICA PROFESIONAL EN PROCESOS GRAFICOS DIGITALES', 2),
(341, 'TECNICA PROFESIONAL EN PROCESOS HOTELEROS Y TURISTICOS', 2),
(342, 'TECNICA PROFESIONAL EN PROCESOS INDUSTRIALES', 2),
(343, 'TECNICA PROFESIONAL EN PROCESOS INDUSTRIALES DE MECATRONICA', 2),
(344, 'TECNICA PROFESIONAL EN PROCESOS INFORMATICOS', 2),
(345, 'TECNICA PROFESIONAL EN PROCESOS LOGISTICOS', 2),
(346, 'TECNICA PROFESIONAL EN PROCESOS LOGISTICOS DE EMPRESAS TURISTICAS', 2),
(347, 'TECNICA PROFESIONAL EN PROCESOS LOGISTICOS EMPRESARIALES', 2),
(348, 'TECNICA PROFESIONAL EN PROCESOS LOGISTICOS Y DE COMERCIO EXTERIOR', 2),
(349, 'TECNICA PROFESIONAL EN PROCESOS METROLOGICOS', 2),
(350, 'TECNICA PROFESIONAL EN PROCESOS PUBLICITARIOS Y DE MERCADEO', 2),
(351, 'TECNICA PROFESIONAL EN PRODUCCION ACUICOLA', 2),
(352, 'TECNICA PROFESIONAL EN PRODUCCION ACUICOLA CONTINENTAL', 2),
(353, 'TECNICA PROFESIONAL EN PRODUCCION AGRICOLA ECOLOGICA', 2),
(354, 'TECNICA PROFESIONAL EN PRODUCCION AGROINDUSTRIAL DE ALIMENTOS', 2),
(355, 'TECNICA PROFESIONAL EN PRODUCCION AGROPECUARIA', 2),
(356, 'TECNICA PROFESIONAL EN PRODUCCION ARTESANAL SOSTENIBLE', 2),
(357, 'TECNICA PROFESIONAL EN PRODUCCION DE ARROZ', 2),
(358, 'TECNICA PROFESIONAL EN PRODUCCION DE AUDIO Y VIDEO', 2),
(359, 'TECNICA PROFESIONAL EN PRODUCCION DE CACAO', 2),
(360, 'TECNICA PROFESIONAL EN PRODUCCION DE CAFE', 2),
(361, 'TECNICA PROFESIONAL EN PRODUCCION DE CONTENIDOS AUDIOVISUALES', 2),
(362, 'TECNICA PROFESIONAL EN PRODUCCION DE CONTENIDOS INFORMATIVOS', 2),
(363, 'TECNICA PROFESIONAL EN PRODUCCION DE EVENTOS Y ENTRETENIMIENTO', 2),
(364, 'TECNICA PROFESIONAL EN PRODUCCION DE FRUTAS Y HORTALIZAS', 2),
(365, 'TECNICA PROFESIONAL EN PRODUCCION DE MATERIAS PRIMAS AGROINDUSTRIALES', 2),
(366, 'TECNICA PROFESIONAL EN PRODUCCION DE MEDIOS DIGITALES', 2),
(367, 'TECNICA PROFESIONAL EN PRODUCCION DE OBJETOS PARA LAS PRACTICAS VISUALES', 2),
(368, 'TECNICA PROFESIONAL EN PRODUCCION DE PALMA DE ACEITE', 2),
(369, 'TECNICA PROFESIONAL EN PRODUCCION DE PETROLEO Y GAS', 2),
(370, 'TECNICA PROFESIONAL EN PRODUCCION DE PIEZAS MULTIMEDIA', 2),
(371, 'TECNICA PROFESIONAL EN PRODUCCION DE RADIO Y TELEVISION CON ENFASIS EN TECNOLOGIA ANALOGA', 2),
(372, 'TECNICA PROFESIONAL EN PRODUCCION DE TELEVISION', 2),
(373, 'TECNICA PROFESIONAL EN PRODUCCION DE VESTUARIO', 2),
(374, 'TECNICA PROFESIONAL EN PRODUCCION FORESTAL POR CICLOS PROPEDEUTICOS', 2),
(375, 'TECNICA PROFESIONAL EN PRODUCCION GANADERA DE CARNE Y LECHE', 2),
(376, 'TECNICA PROFESIONAL EN PRODUCCION GRAFICA', 2),
(377, 'TECNICA PROFESIONAL EN PRODUCCION GRAFICA Y MULTIMEDIAL', 2),
(378, 'TECNICA PROFESIONAL EN PRODUCCION INDUSTRIAL', 2),
(379, 'TECNICA PROFESIONAL EN PRODUCCION LIMPIA DEL CULTIVO DE CAÑA DE AZUCAR', 2),
(380, 'TECNICA PROFESIONAL EN PRODUCCION MULTIMEDIA', 2),
(381, 'TECNICA PROFESIONAL EN PRODUCCION PARA LAS PRACTICAS MUSICALES', 2),
(382, 'TECNICA PROFESIONAL EN PRODUCCION PECUARIA', 2),
(383, 'TECNICA PROFESIONAL EN PRODUCCION PUBLICITARIA', 2),
(384, 'TECNICA PROFESIONAL EN PRODUCCION PUBLICITARIA DIGITAL', 2),
(385, 'TECNICA PROFESIONAL EN PRODUCCION Y COMERCIALIZACION DE LA MODA', 2),
(386, 'TECNICA PROFESIONAL EN PRODUCCION Y TRANSFORMACION DEL ACERO', 2),
(387, 'TECNICA PROFESIONAL EN PROGRAMACION DE COMPUTADORES', 2),
(388, 'TECNICA PROFESIONAL EN PROGRAMACION DE DISPOSITIVOS MOVILES', 2),
(389, 'TECNICA PROFESIONAL EN PROGRAMACION DE SOFTWARE', 2),
(390, 'TECNICA PROFESIONAL EN PROGRAMACION WEB Y MULTIMEDIA', 2),
(391, 'TECNICA PROFESIONAL EN PROMOCION SOCIAL', 2),
(392, 'TECNICA PROFESIONAL EN PROMOTORIA AMBIENTAL', 2),
(393, 'TECNICA PROFESIONAL EN PUBLICIDAD', 2),
(394, 'TECNICA PROFESIONAL EN PUBLICIDAD Y MARKETING', 2),
(395, 'TECNICA PROFESIONAL EN PUBLICIDAD Y MERCADEO', 2),
(396, 'TECNICA PROFESIONAL EN REALIZACION DE VESTUARIO PARA ARTES ESCENICAS', 2),
(397, 'TECNICA PROFESIONAL EN REALIZACION Y PRODUCCION EN TELEVISION', 2),
(398, 'TECNICA PROFESIONAL EN RECONOCIMIENTO ADUANERO', 2),
(399, 'TECNICA PROFESIONAL EN REDES DE COMUNICACIONES', 2),
(400, 'TECNICA PROFESIONAL EN RENDIMIENTO DEPORTIVO', 2),
(401, 'TECNICA PROFESIONAL EN SALUD OCUPACIONAL', 2),
(402, 'TECNICA PROFESIONAL EN SANEAMIENTO BASICO', 2),
(403, 'TECNICA PROFESIONAL EN SANEAMIENTO DE AGUAS Y RESIDUOS SOLIDOS', 2),
(404, 'TECNICA PROFESIONAL EN SANEMIENTO BASICO', 2),
(405, 'TECNICA PROFESIONAL EN SECRETARIADO BILINGÜE', 2),
(406, 'TECNICA PROFESIONAL EN SECRETARIADO EJECUTIVO', 2),
(407, 'TECNICA PROFESIONAL EN SECRETARIADO EJECUTIVO SISTEMATIZADO', 2),
(408, 'TECNICA PROFESIONAL EN SEGURIDAD E HIGIENE INDUSTRIAL', 2),
(409, 'TECNICA PROFESIONAL EN SEGURIDAD INDUSTRIAL', 2),
(410, 'TECNICA PROFESIONAL EN SEGURIDAD INTEGRAL CANINA', 2),
(411, 'TECNICA PROFESIONAL EN SEGURIDAD VIAL', 2),
(412, 'TECNICA PROFESIONAL EN SEGURIDAD Y SALUD EN EL TRABAJO', 2),
(413, 'TECNICA PROFESIONAL EN SERVICIO AUTOMOTRIZ', 2),
(414, 'TECNICA PROFESIONAL EN SERVICIOS A BORDO', 2),
(415, 'TECNICA PROFESIONAL EN SERVICIOS ADMINISTRATIVOS DE SALUD', 2),
(416, 'TECNICA PROFESIONAL EN SERVICIOS DE ALOJAMIENTO Y HOSPEDAJE', 2),
(417, 'TECNICA PROFESIONAL EN SERVICIOS FINANCIEROS', 2),
(418, 'TECNICA PROFESIONAL EN SERVICIOS RECREATIVOS Y DE GUIANZA', 2),
(419, 'TECNICA PROFESIONAL EN SERVICIOS TURISTICOS Y HOTELEROS', 2),
(420, 'TECNICA PROFESIONAL EN SISTEMAS', 2),
(421, 'TECNICA PROFESIONAL EN SISTEMAS CONTABLES', 2),
(422, 'TECNICA PROFESIONAL EN SISTEMAS DE MONITOREO AGRICOLA', 2),
(423, 'TECNICA PROFESIONAL EN SISTEMAS E INFORMATICA', 2),
(424, 'TECNICA PROFESIONAL EN SISTEMAS INFORMATICOS Y PROGRAMACION', 2),
(425, 'TECNICA PROFESIONAL EN SISTEMAS Y COMPUTACION', 2),
(426, 'TECNICA PROFESIONAL EN SOLDADURA DE ESTRUCTURAS METALICAS', 2),
(427, 'TECNICA PROFESIONAL EN SOLUCIONES WEB', 2),
(428, 'TECNICA PROFESIONAL EN SOPORTE DE DESARROLLO DE SOFTWARE', 2),
(429, 'TECNICA PROFESIONAL EN SOPORTE DE DOCUMENTACION DE CALIDAD', 2),
(430, 'TECNICA PROFESIONAL EN SOPORTE DE INFRAESTRUCTURAS INFORMATICAS Y REDES DE DATOS', 2),
(431, 'TECNICA PROFESIONAL EN SOPORTE DE SISTEMAS DE CALIDAD, SEGURIDAD Y AMBIENTE', 2),
(432, 'TECNICA PROFESIONAL EN SOPORTE DE SISTEMAS DE INFORMACION', 2),
(433, 'TECNICA PROFESIONAL EN SOPORTE DE SISTEMAS E INFORMATICA', 2),
(434, 'TECNICA PROFESIONAL EN SOPORTE DE SISTEMAS EN INFORMATICA', 2),
(435, 'TECNICA PROFESIONAL EN SOPORTE DE SISTEMAS INFORMATICOS Y DE COMUNICACIONES', 2),
(436, 'TECNICA PROFESIONAL EN SOPORTE DE SISTEMAS INFORMATICOS Y REDES', 2),
(437, 'TECNICA PROFESIONAL EN SOPORTE DE TELECOMUNICACIONES', 2),
(438, 'TECNICA PROFESIONAL EN SOPORTE INFORMATICO', 2),
(439, 'TECNICA PROFESIONAL EN SOPORTE PARA CENTROS DE SERVICIO', 2),
(440, 'TECNICA PROFESIONAL EN SOPORTE Y OPERACION DE SISTEMAS INFORMATICOS', 2),
(441, 'TECNICA PROFESIONAL EN SOPORTE Y PROCESOS INFORMATICOS', 2),
(442, 'TECNICA PROFESIONAL EN TANATOPRAXIA', 2),
(443, 'TECNICA PROFESIONAL EN TECNICAS ARTISTICAS', 2),
(444, 'TECNICA PROFESIONAL EN TECNICAS FORESTALES', 2),
(445, 'TECNICA PROFESIONAL EN TECNOLOGIA DE PLASTICOS', 2),
(446, 'TECNICA PROFESIONAL EN TELECOMUNICACIONES', 2),
(447, 'TECNICA PROFESIONAL EN TELEINFORMATICA', 2),
(448, 'TECNICA PROFESIONAL EN TELEMATICA Y COMUNICACIONES', 2),
(449, 'TECNICA PROFESIONAL EN TELEVISION, FOTOGRAFIA Y VIDEO', 2),
(450, 'TECNICA PROFESIONAL EN TOPOGRAFIA FORENSE', 2),
(451, 'TECNICA PROFESIONAL EN TRANSFORMACION Y COMERCIALIZACION DE PRODUCTOS AGROALIMENTARIOS', 2),
(452, 'TECNICA PROFESIONAL EN TRANSPORTE TERRESTRE DE CARGA', 2),
(453, 'TECNICA PROFESIONAL EN TURISMO', 2),
(454, 'TECNICA PROFESIONAL EN TURISMO AMBIENTAL', 2),
(455, 'TECNICA PROFESIONAL EN TURISMO SOSTENIBLE', 2),
(456, 'TECNICA PROFESIONAL JUDICIAL', 2),
(457, 'TECNICAPROFESIONAL EN GESTION DE MERCADEO', 2),
(458, 'TECNICO EN DISEÑO DE MODAS', 2),
(459, 'TECNICO EN GESTION AMBIENTAL EMPRESARIAL', 2),
(460, 'TECNICO EN OPERACION DE SERVICIOS TURISTICOS', 2),
(461, 'TECNICO PROFESIONAL AGROPECUARIO', 2),
(462, 'TECNICO PROFESIONAL EN ACTUACION PARA LAS PRACTICAS ESCENICAS TEATRALES', 2),
(463, 'TECNICO PROFESIONAL EN ACUICULTURA', 2),
(464, 'TECNICO PROFESIONAL EN ANALISIS DE MERCADOS', 2),
(465, 'TECNICO PROFESIONAL EN ANIMACION Y MULTIMEDIA', 2),
(466, 'TECNICO PROFESIONAL EN APLICACIONES WEB', 2),
(467, 'TECNICO PROFESIONAL EN ASESORIA COMERCIAL PARA SOLUCIONES DIGITALES', 2),
(468, 'TECNICO PROFESIONAL EN ATENCION PREHOSPITALARIA', 2),
(469, 'TECNICO PROFESIONAL EN ATENCION Y CUIDADO A LA PRIMERA INFANCIA', 2),
(470, 'TECNICO PROFESIONAL EN AVALUOS INMOBILIARIOS URBANOS Y RURALES', 2),
(471, 'TECNICO PROFESIONAL EN BIOCOMERCIO', 2),
(472, 'TECNICO PROFESIONAL EN COMERCIO EXTERIOR', 2),
(473, 'TECNICO PROFESIONAL EN COMERCIO EXTERIOR Y NEGOCIOS INTERNACIONALES', 2),
(474, 'TECNICO PROFESIONAL EN COMERCIO INTERNACIONAL', 2),
(475, 'TECNICO PROFESIONAL EN COMERCIO Y NEGOCIOS INTERNACIONALES', 2),
(476, 'TECNICO PROFESIONAL EN COMPUTACION', 2),
(477, 'TECNICO PROFESIONAL EN COMUNICACION DIGITAL', 2),
(478, 'TECNICO PROFESIONAL EN CONDUCCION DE VEHICULOS DE TRANSPORTE TERRESTRE', 2),
(479, 'TECNICO PROFESIONAL EN CONSTRUCCION Y ADMINISTRACION DE OBRAS CIVILES', 2),
(480, 'TECNICO PROFESIONAL EN CONTABILIDAD', 2),
(481, 'TECNICO PROFESIONAL EN CONTABILIDAD Y ASEGURAMIENTO DE LA INFORMACION FINANCIERA', 2),
(482, 'TECNICO PROFESIONAL EN CONTABILIDAD Y COSTOS', 2),
(483, 'TECNICO PROFESIONAL EN CONTABILIDAD Y FINANZAS', 2),
(484, 'TECNICO PROFESIONAL EN CONTABILIDAD Y TRIBUTARIA', 2),
(485, 'TECNICO PROFESIONAL EN CONTROL AMBIENTAL', 2),
(486, 'TECNICO PROFESIONAL EN CONTROL INDUSTRIAL', 2),
(487, 'TECNICO PROFESIONAL EN COSECHA Y TRANSFORMACION DE BIENES MADERABLES', 2),
(488, 'TECNICO PROFESIONAL EN CREACION DE SOLUCIONES WEB', 2),
(489, 'TECNICO PROFESIONAL EN CRIMINALISTICA', 2),
(490, 'TECNICO PROFESIONAL EN CULINARIA', 2),
(491, 'TECNICO PROFESIONAL EN CULTIVO DE CAFES ESPECIALES', 2),
(492, 'TECNICO PROFESIONAL EN DANZA CONTEMPORANEA', 2),
(493, 'TECNICO PROFESIONAL EN DECORACION Y DISEÑO DE INTERIORES', 2),
(494, 'TECNICO PROFESIONAL EN DESARROLLO DE APLICACIONES WEB MOVILES', 2),
(495, 'TECNICO PROFESIONAL EN DESARROLLO DE PROCESOS Y SERVICIOS BIBLIOTECARIOS', 2),
(496, 'TECNICO PROFESIONAL EN DESARROLLO DE SOFTWARE', 2),
(497, 'TECNICO PROFESIONAL EN DESARROLLO DE SOFTWARE PARA DISPOSITIVOS MOVILES', 2),
(498, 'TECNICO PROFESIONAL EN DESARROLLO PARA DISPOSITIVOS MOVILES', 2),
(499, 'TECNICO PROFESIONAL EN DISEÑO GRAFICO', 2),
(500, 'TECNICO PROFESIONAL EN DISEÑO WEB Y MULTIMEDIA', 2),
(501, 'TECNICO PROFESIONAL EN DISEÑO Y COMERCIALIZACION DE MODA', 2),
(502, 'TECNICO PROFESIONAL EN DOCUMENTACION DE PROCESOS DE CALIDAD', 2),
(503, 'TECNICO PROFESIONAL EN EL MANTENIMIENTO Y OPERACION DE ARMAS BASICAS DE INFANTERIA', 2),
(504, 'TECNICO PROFESIONAL EN ELECTROMECANICA', 2),
(505, 'TECNICO PROFESIONAL EN ELECTRONICA', 2),
(506, 'TECNICO PROFESIONAL EN ELECTRONICA DE COMUNICACIONES', 2),
(507, 'TECNICO PROFESIONAL EN EMPRESAS AGROPECUARIAS', 2),
(508, 'TECNICO PROFESIONAL EN ENTRENAMIENTO DE FUTBOL', 2),
(509, 'TECNICO PROFESIONAL EN ENTRENAMIENTO DEPORTIVO', 2),
(510, 'TECNICO PROFESIONAL EN EXPORTACIONES E IMPORTACIONES', 2),
(511, 'TECNICO PROFESIONAL EN FABRICACION DE PAPEL', 2),
(512, 'TECNICO PROFESIONAL EN FORMULACION E IMPLEMENTACION DE PROYECTOS AGROPECUARIOS', 2),
(513, 'TECNICO PROFESIONAL EN GASTRONOMIA', 2),
(514, 'TECNICO PROFESIONAL EN GESTION DOCUMENTAL', 2),
(515, 'TECNICO PROFESIONAL EN GESTION EMPRESARIAL EN ECONOMIA SOLIDARIA', 2),
(516, 'TECNICO PROFESIONAL EN GESTION Y AUDITORIA AMBIENTAL', 2),
(517, 'TECNICO PROFESIONAL EN GUIANZA Y SERVICIOS RECREATIVOS', 2),
(518, 'TECNICO PROFESIONAL EN HIGIENE Y SEGURIDAD INDUSTRIAL', 2),
(519, 'TECNICO PROFESIONAL EN HISTOCITOTECNOLOGIA', 2),
(520, 'TECNICO PROFESIONAL EN HOTELERIA Y TURISMO', 2),
(521, 'TECNICO PROFESIONAL EN IMPLEMENTACION DE REDES CABLEADAS E INALAMBRICAS', 2),
(522, 'TECNICO PROFESIONAL EN INFORMATICA', 2),
(523, 'TECNICO PROFESIONAL EN INFRAESTRUCTURA DE SISTEMAS DE INFORMACION Y COMUNICACIONES', 2),
(524, 'TECNICO PROFESIONAL EN INSTALACION DE REDES', 2),
(525, 'TECNICO PROFESIONAL EN INSTALACION DE REDES ELECTRICAS', 2),
(526, 'TECNICO PROFESIONAL EN INSTRUMENTACION INDUSTRIAL', 2),
(527, 'TECNICO PROFESIONAL EN INSTRUMENTACION Y CONTROL DE PROCESOS INDUSTRIALES', 2),
(528, 'TECNICO PROFESIONAL EN INVESTIGACION DE MERCADOS (POR CICLOS)', 2),
(529, 'TECNICO PROFESIONAL EN LABORATORIO', 2),
(530, 'TECNICO PROFESIONAL EN LENGUAS MODERNAS', 2),
(531, 'TECNICO PROFESIONAL EN LOGISTICA', 2),
(532, 'TECNICO PROFESIONAL EN LOGISTICA DE AGRONEGOCIOS', 2),
(533, 'TECNICO PROFESIONAL EN LOGISTICA DEL TRANSPORTE DE MERCANCIA', 2),
(534, 'TECNICO PROFESIONAL EN LOGISTICA EMPRESARIAL', 2),
(535, 'TECNICO PROFESIONAL EN MANEJO DE HERRAMIENTAS PARA LA SISTEMATIZACION DE DATOS', 2),
(536, 'TECNICO PROFESIONAL EN MANEJO ECOLOGICO DE PLAGAS', 2),
(537, 'TECNICO PROFESIONAL EN MANEJO POSTCOSECHA', 2),
(538, 'TECNICO PROFESIONAL EN MANEJO SILVICULTURAL', 2),
(539, 'TECNICO PROFESIONAL EN MANEJO SILVICULTURAL POR CICLOS PROPEDEUTICOS', 2),
(540, 'TECNICO PROFESIONAL EN MANEJO Y CONSERVACION DE PRODUCTOS AGROINDUSTRIALES', 2),
(541, 'TECNICO PROFESIONAL EN MANTENIMIENTO DE COMPUTADORES Y PERIFERICOS', 2),
(542, 'TECNICO PROFESIONAL EN MANTENIMIENTO DE EQUIPOS PARA EL PROCESAMIENTO DE PLASTICOS', 2),
(543, 'TECNICO PROFESIONAL EN MANTENIMIENTO DE MAQUINARIA Y EQUIPOS INDUSTRIALES', 2),
(544, 'TECNICO PROFESIONAL EN MANTENIMIENTO DE SISTEMAS INFORMATICOS', 2),
(545, 'TECNICO PROFESIONAL EN MANTENIMIENTO DE SISTEMAS MECATRONICOS', 2),
(546, 'TECNICO PROFESIONAL EN MANTENIMIENTO ELECTRONICO', 2),
(547, 'TECNICO PROFESIONAL EN MANTENIMIENTO ELECTRONICO INDUSTRIAL', 2),
(548, 'TECNICO PROFESIONAL EN MANTENIMIENTO INDUSTRIAL', 2),
(549, 'TECNICO PROFESIONAL EN MANTENIMIENTO MECANICO', 2),
(550, 'TECNICO PROFESIONAL EN MANTENIMIENTO Y CONFIGURACION DE REDES DE COMUNICACION', 2),
(551, 'TECNICO PROFESIONAL EN MAQUILLAJE ARTISTICO PROFESIONAL', 2),
(552, 'TECNICO PROFESIONAL EN MECANICA AUTOMOTRIZ', 2),
(553, 'TECNICO PROFESIONAL EN MECANICA DENTAL', 2),
(554, 'TECNICO PROFESIONAL EN MECANICA DIESEL', 2),
(555, 'TECNICO PROFESIONAL EN MECANIZACION AGRICOLA', 2),
(556, 'TECNICO PROFESIONAL EN MECATRONICA', 2),
(557, 'TECNICO PROFESIONAL EN MERCADEO', 2),
(558, 'TECNICO PROFESIONAL EN MERCADEO DE NEGOCIOS FORESTALES', 2),
(559, 'TECNICO PROFESIONAL EN MERCADEO Y PUBLICIDAD', 2),
(560, 'TECNICO PROFESIONAL EN MERCADEO Y VENTAS', 2),
(561, 'TECNICO PROFESIONAL EN MUESTREO Y MONITOREO AMBIENTAL', 2),
(562, 'TECNICO PROFESIONAL EN OPERACION DE ALMACENES Y TRANSPORTE', 2),
(563, 'TECNICO PROFESIONAL EN OPERACION DE COCINA Y RESTAURACION', 2),
(564, 'TECNICO PROFESIONAL EN OPERACION DE COMERCIO EXTERIOR', 2),
(565, 'TECNICO PROFESIONAL EN OPERACION DE EQUIPOS DE AUSCULTACION MINERO ENERGETICO', 2),
(566, 'TECNICO PROFESIONAL EN OPERACION DE EQUIPOS DE MUESTREO MINERO ENERGETIC0', 2),
(567, 'TECNICO PROFESIONAL EN OPERACION DE EQUIPOS PARA EL PROCESAMIENTO DE PLASTICOS', 2),
(568, 'TECNICO PROFESIONAL EN OPERACION DE MAQUINAS Y HERRAMIENTAS ASOCIADAS A MINERIA', 2),
(569, 'TECNICO PROFESIONAL EN OPERACION DE MEDIOS VIRTUALES', 2),
(570, 'TECNICO PROFESIONAL EN OPERACION DE NEGOCIOS Y SERVICIO AL CLIENTE', 2),
(571, 'TECNICO PROFESIONAL EN OPERACION DE OBJETOS VIRTUALES', 2),
(572, 'TECNICO PROFESIONAL EN OPERACION DE PROCESO ADUANEROS', 2),
(573, 'TECNICO PROFESIONAL EN OPERACION DE PROCESOS ADUANEROS', 2),
(574, 'TECNICO PROFESIONAL EN OPERACION DE PROCESOS INDUSTRIALES', 2),
(575, 'TECNICO PROFESIONAL EN OPERACION DE SERVICIOS DE GUIANZA', 2),
(576, 'TECNICO PROFESIONAL EN OPERACION DE SERVICIOS GASTRONOMICOS', 2),
(577, 'TECNICO PROFESIONAL EN OPERACION DE SERVICIOS TURISTICOS', 2),
(578, 'TECNICO PROFESIONAL EN OPERACION DE SISTEMAS DE INFORMACION', 2),
(579, 'TECNICO PROFESIONAL EN OPERACION DEL ALOJAMIENTO URBANO Y RURAL', 2),
(580, 'TECNICO PROFESIONAL EN OPERACION DEL TRANSPORTE MULTIMODAL', 2),
(581, 'TECNICO PROFESIONAL EN OPERACION HOTELERA', 2),
(582, 'TECNICO PROFESIONAL EN OPERACION INTEGRAL DE VENTAS TURISTICAS', 2),
(583, 'TECNICO PROFESIONAL EN OPERACION LOGISTICA', 2),
(584, 'TECNICO PROFESIONAL EN OPERACION TURISTICA', 2),
(585, 'TECNICO PROFESIONAL EN OPERACION Y CONTROL DE PROCESOS INDUSTRIALES', 2),
(586, 'TECNICO PROFESIONAL EN OPERACION Y MANTENIMIENTO DE SISTEMAS ENERGETICOS EN LA AGROINDUSTRIA', 2),
(587, 'TECNICO PROFESIONAL EN OPERACIONES BANCARIAS Y FINANCIERAS', 2),
(588, 'TECNICO PROFESIONAL EN OPERACIONES DE COMERCIO ELECTRONICO', 2),
(589, 'TECNICO PROFESIONAL EN OPERACIONES DE IMPORTACION Y EXPORTACION', 2),
(590, 'TECNICO PROFESIONAL EN OPERACIONES LOGISTICAS', 2),
(591, 'TECNICO PROFESIONAL EN OPERACIONES PORTUARIAS', 2),
(592, 'TECNICO PROFESIONAL EN OPERACIONES TURISTICAS', 2),
(593, 'TECNICO PROFESIONAL EN PERFORACION DE POZOS PETROLIFEROS', 2),
(594, 'TECNICO PROFESIONAL EN PREVENCION DE RIESGOS LABORALES', 2),
(595, 'TECNICO PROFESIONAL EN PREVENCION Y REHABILITACION', 2),
(596, 'TECNICO PROFESIONAL EN PROCESAMIENTO DE ALIMENTOS', 2),
(597, 'TECNICO PROFESIONAL EN PROCESAMIENTO DE CONCENTRADOS PARA PECES Y ESPECIES MENORES', 2),
(598, 'TECNICO PROFESIONAL EN PROCESAMIENTOS DE PRODUCTOS ACUICOLAS Y PESQUEROS', 2),
(599, 'TECNICO PROFESIONAL EN PROCESOS ADMINISTRATIVOS', 2),
(600, 'TECNICO PROFESIONAL EN PROCESOS ADMINISTRATIVOS DE DISEÑO DE MODAS', 2),
(601, 'TECNICO PROFESIONAL EN PROCESOS ADMINISTRATIVOS DE OBRAS DE CONSTRUCCION', 2),
(602, 'TECNICO PROFESIONAL EN PROCESOS ADMINISTRATIVOS DE SEGURIDAD Y SALUD EN EL TRABAJO', 2),
(603, 'TECNICO PROFESIONAL EN PROCESOS ADMINISTRATIVOS TURISTICOS', 2),
(604, 'TECNICO PROFESIONAL EN PROCESOS ADMINISTRATIVOS Y FINANCIEROS', 2),
(605, 'TECNICO PROFESIONAL EN PROCESOS AGROFORESTALES', 2),
(606, 'TECNICO PROFESIONAL EN PROCESOS AGROINDUSTRIALES', 2),
(607, 'TECNICO PROFESIONAL EN PROCESOS AMBIENTALES', 2),
(608, 'TECNICO PROFESIONAL EN PROCESOS CONTABLES', 2),
(609, 'TECNICO PROFESIONAL EN PROCESOS CONTABLES Y TRIBUTARIOS', 2),
(610, 'TECNICO PROFESIONAL EN PROCESOS DE CLOUD COMPUTING', 2),
(611, 'TECNICO PROFESIONAL EN PROCESOS DE DISEÑO DE MODAS', 2),
(612, 'TECNICO PROFESIONAL EN PROCESOS DE EXTRACCION DE BIOMASA ENERGETICA', 2),
(613, 'TECNICO PROFESIONAL EN PROCESOS DE GESTION PUBLICA', 2),
(614, 'TECNICO PROFESIONAL EN PROCESOS DE IMPORTACIONES Y EXPORTACIONES', 2),
(615, 'TECNICO PROFESIONAL EN PROCESOS DE MERCADEO DIGITAL', 2),
(616, 'TECNICO PROFESIONAL EN PROCESOS DE OPERACION TURISTICA', 2),
(617, 'TECNICO PROFESIONAL EN PROCESOS DE SEGURIDAD Y SALUD EN EL TRABAJO', 2),
(618, 'TECNICO PROFESIONAL EN PROCESOS DE SOLDADURA', 2),
(619, 'TECNICO PROFESIONAL EN PROCESOS DEL TALENTO HUMANO', 2),
(620, 'TECNICO PROFESIONAL EN PROCESOS EMPRESARIALES', 2),
(621, 'TECNICO PROFESIONAL EN PROCESOS FINANCIEROS', 2),
(622, 'TECNICO PROFESIONAL EN PROCESOS HOTELEROS Y DE SERVICIOS', 2),
(623, 'TECNICO PROFESIONAL EN PROCESOS LOGISTICOS', 2),
(624, 'TECNICO PROFESIONAL EN PROCESOS VIALES Y DE TRANSPORTE', 2),
(625, 'TECNICO PROFESIONAL EN PRODUCCION AGRICOLA', 2),
(626, 'TECNICO PROFESIONAL EN PRODUCCION AGROINDUSTRIAL DE ALIMENTOS', 2),
(627, 'TECNICO PROFESIONAL EN PRODUCCION AGROPECUARIA', 2),
(628, 'TECNICO PROFESIONAL EN PRODUCCION AGROPECUARIA SOSTENIBLE', 2),
(629, 'TECNICO PROFESIONAL EN PRODUCCION BOVINA', 2),
(630, 'TECNICO PROFESIONAL EN PRODUCCION CAFETERA', 2),
(631, 'TECNICO PROFESIONAL EN PRODUCCION DE ALTA COSTURA', 2),
(632, 'TECNICO PROFESIONAL EN PRODUCCION DE CERAMICA ARTESANAL', 2),
(633, 'TECNICO PROFESIONAL EN PRODUCCION DE PALMA DE ACEITE', 2),
(634, 'TECNICO PROFESIONAL EN PRODUCCION EN DISEÑO DE INTERIORES', 2),
(635, 'TECNICO PROFESIONAL EN PRODUCCION EN DISEÑO DE MODAS', 2),
(636, 'TECNICO PROFESIONAL EN PRODUCCION EN DISEÑO INDUSTRIAL', 2),
(637, 'TECNICO PROFESIONAL EN PRODUCCION EN PUBLICIDAD', 2),
(638, 'TECNICO PROFESIONAL EN PRODUCCION GRAFICA', 2),
(639, 'TECNICO PROFESIONAL EN PRODUCCION INDUSTRIAL', 2),
(640, 'TECNICO PROFESIONAL EN PRODUCCION MULTIMEDIAL', 2),
(641, 'TECNICO PROFESIONAL EN PROGRAMACION', 2),
(642, 'TECNICO PROFESIONAL EN PROGRAMACION DE APLICACIONES INFORMATICAS', 2),
(643, 'TECNICO PROFESIONAL EN PROGRAMACION DE COMPUTADORES', 2),
(644, 'TECNICO PROFESIONAL EN PROGRAMACION DE SISTEMAS DE INFORMACION (POR CICLOS PROPEDEUTICOS)', 2),
(645, 'TECNICO PROFESIONAL EN PROGRAMACION DE SOFTWARE', 2),
(646, 'TECNICO PROFESIONAL EN PROGRAMACION WEB', 2),
(647, 'TECNICO PROFESIONAL EN PROMOCION DE PROYECTOS SOCIALES', 2),
(648, 'TECNICO PROFESIONAL EN PROTECCION Y SEGURIDAD A PERSONAS E INSTALACIONES', 2),
(649, 'TECNICO PROFESIONAL EN REDES ELECTRICAS DE DISTRIBUCION DE ENERGIA', 2),
(650, 'TECNICO PROFESIONAL EN REGISTRO Y CONTROL DE PROCESOS PRODUCTIVOS', 2),
(651, 'TECNICO PROFESIONAL EN RELACIONAMIENTO DIGITAL CON CLIENTES ENFOQUE CRM', 2),
(652, 'TECNICO PROFESIONAL EN SALUD ORAL', 2),
(653, 'TECNICO PROFESIONAL EN SANEAMIENTO AMBIENTAL', 2),
(654, 'TECNICO PROFESIONAL EN SEGURIDAD INDUSTRIAL', 2),
(655, 'TECNICO PROFESIONAL EN SEGURIDAD Y SALUD EN EL TRABAJO', 2),
(656, 'TECNICO PROFESIONAL EN SERVICIO DE POLICIA', 2),
(657, 'TECNICO PROFESIONAL EN SERVICIOS A BORDO', 2),
(658, 'TECNICO PROFESIONAL EN SERVICIOS COMERCIALES', 2),
(659, 'TECNICO PROFESIONAL EN SERVICIOS DE SEGURIDAD INFORMATICA', 2),
(660, 'TECNICO PROFESIONAL EN SERVICIOS GASTRONOMICOS', 2),
(661, 'TECNICO PROFESIONAL EN SERVICIOS TURISTICOS Y HOTELEROS', 2),
(662, 'TECNICO PROFESIONAL EN SISTEMAS', 2),
(663, 'TECNICO PROFESIONAL EN SISTEMAS DE COMPUTO', 2),
(664, 'TECNICO PROFESIONAL EN SISTEMAS DE MONITOREO AGRICOLA', 2),
(665, 'TECNICO PROFESIONAL EN SISTEMAS E INFORMATICA', 2),
(666, 'TECNICO PROFESIONAL EN SISTEMAS INFORMATICOS', 2),
(667, 'TECNICO PROFESIONAL EN SOPORTE DE INFRAESTRUCTURA DE TECNOLOGIAS DE LA INFORMACION', 2),
(668, 'TECNICO PROFESIONAL EN TELECOMUNICACIONES', 2),
(669, 'TECNICO PROFESIONAL EN TELEMATICA', 2),
(670, 'TECNICO PROFESIONAL EN TRANSITO, TRANSPORTE Y SEGURIDAD VIAL', 2),
(671, 'TECNICO PROFESIONAL EN TURISMO DE AVENTURA', 2),
(672, 'TECNICO PROFESIONAL EN VENTAS Y NEGOCIOS', 2),
(673, 'TECNICO PROFESIONAL PROMOTORIA AMBIENTAL', 2),
(674, 'GEOTECNOLOGIA', 3),
(675, 'TECNOLOGIA AGROAMBIENTAL', 3),
(676, 'TECNOLOGIA AGROFORESTAL', 3),
(677, 'TECNOLOGIA AGROINDUSTRIAL', 3);

-- --------------------------------------------------------

--
-- Estructura de tabla para la tabla `usuarios`
--

CREATE TABLE IF NOT EXISTS `usuarios` (
  `id_usuario` tinyint(3) NOT NULL AUTO_INCREMENT,
  `cedula_usuario` int(11) NOT NULL,
  `nom_usuario` varchar(100) COLLATE utf8_unicode_ci NOT NULL,
  `id_perfil` tinyint(2) NOT NULL,
  `Pass` varchar(16) COLLATE utf8_unicode_ci NOT NULL,
  PRIMARY KEY (`id_usuario`),
  KEY `fk21` (`id_perfil`)
) ENGINE=InnoDB  DEFAULT CHARSET=utf8 COLLATE=utf8_unicode_ci AUTO_INCREMENT=21 ;

--
-- Volcado de datos para la tabla `usuarios`
--

INSERT INTO `usuarios` (`id_usuario`, `cedula_usuario`, `nom_usuario`, `id_perfil`, `Pass`) VALUES
(1, 73211652, 'kinakeyoy', 1, '123456'),
(3, 1047457507, 'jhoselys', 2, '123456'),
(4, 73571071, 'roger', 3, '123456'),
(7, 123456789, 'usuario1', 3, '123456789'),
(8, 123456789, 'usuario1', 3, '123456789'),
(9, 111, '111', 2, '111'),
(10, 222, '222', 2, '222'),
(11, 333, '333', 2, '333'),
(12, 111, '111', 2, '111'),
(13, 111, '111', 2, '111'),
(14, 5555, '5555', 2, '555'),
(15, 999, '999', 3, '999'),
(16, 123123, '123123', 2, '123123'),
(17, 456, '456', 3, '456456'),
(18, 999, '9999', 2, '999'),
(19, 123456, 'usuario45', 2, 'usuario45'),
(20, 456, '456', 2, '456');

--
-- Restricciones para tablas volcadas
--

--
-- Filtros para la tabla `barrios`
--
ALTER TABLE `barrios`
  ADD CONSTRAINT `fk4` FOREIGN KEY (`id_municipio`) REFERENCES `municipios` (`id_municipio`) ON UPDATE NO ACTION;

--
-- Filtros para la tabla `departamentos`
--
ALTER TABLE `departamentos`
  ADD CONSTRAINT `fk2` FOREIGN KEY (`id_pais`) REFERENCES `paises` (`id_pais`) ON UPDATE NO ACTION;

--
-- Filtros para la tabla `municipios`
--
ALTER TABLE `municipios`
  ADD CONSTRAINT `fk3` FOREIGN KEY (`id_departamento`) REFERENCES `departamentos` (`id_departamento`) ON UPDATE NO ACTION;

--
-- Filtros para la tabla `personas`
--
ALTER TABLE `personas`
  ADD CONSTRAINT `fk1` FOREIGN KEY (`id_barrio`) REFERENCES `barrios` (`id_barrio`) ON UPDATE NO ACTION,
  ADD CONSTRAINT `fk10` FOREIGN KEY (`id_fondo_pension`) REFERENCES `fondopensiones` (`id_fondo_pension`) ON UPDATE NO ACTION,
  ADD CONSTRAINT `fk11` FOREIGN KEY (`id_nivel_educativo`) REFERENCES `niveleseducativos` (`id_nivel_educativo`) ON UPDATE NO ACTION,
  ADD CONSTRAINT `fk12` FOREIGN KEY (`id_titulo`) REFERENCES `titulosobtenidos` (`id_titulo`) ON UPDATE NO ACTION,
  ADD CONSTRAINT `fk13` FOREIGN KEY (`id_curso`) REFERENCES `cursos` (`id_curso`) ON UPDATE NO ACTION,
  ADD CONSTRAINT `fk14` FOREIGN KEY (`id_entidad`) REFERENCES `entidades` (`id_entidad`) ON UPDATE NO ACTION,
  ADD CONSTRAINT `fk15` FOREIGN KEY (`id_curso_recibir`) REFERENCES `cursos` (`id_curso`) ON UPDATE NO ACTION,
  ADD CONSTRAINT `fk16` FOREIGN KEY (`id_entidad_capacite`) REFERENCES `entidades` (`id_entidad`) ON UPDATE NO ACTION,
  ADD CONSTRAINT `fk17` FOREIGN KEY (`id_tipo_vivienda`) REFERENCES `tipoviviendas` (`id_tipo_vivienda`) ON UPDATE NO ACTION,
  ADD CONSTRAINT `fk18` FOREIGN KEY (`id_tipo_acabado`) REFERENCES `tipoacabados` (`id_tipo_acabado`) ON UPDATE NO ACTION,
  ADD CONSTRAINT `fk19` FOREIGN KEY (`id_financiacion_vivienda`) REFERENCES `financiacionvivienda` (`id_financiacion_vivienda`) ON UPDATE NO ACTION,
  ADD CONSTRAINT `fk20` FOREIGN KEY (`id_cargo`) REFERENCES `cargos` (`id_cargo`) ON UPDATE NO ACTION,
  ADD CONSTRAINT `fk6` FOREIGN KEY (`id_municipio2`) REFERENCES `municipios` (`id_municipio`) ON UPDATE NO ACTION,
  ADD CONSTRAINT `fk7` FOREIGN KEY (`id_barrio`) REFERENCES `barrios` (`id_barrio`) ON UPDATE NO ACTION,
  ADD CONSTRAINT `fk8` FOREIGN KEY (`id_religion`) REFERENCES `religiones` (`id_religion`) ON UPDATE NO ACTION,
  ADD CONSTRAINT `fk9` FOREIGN KEY (`id_eps`) REFERENCES `eps` (`id_eps`) ON UPDATE NO ACTION;

--
-- Filtros para la tabla `titulosobtenidos`
--
ALTER TABLE `titulosobtenidos`
  ADD CONSTRAINT `fk5` FOREIGN KEY (`Id_nivel_educativo`) REFERENCES `niveleseducativos` (`id_nivel_educativo`) ON UPDATE NO ACTION;

--
-- Filtros para la tabla `usuarios`
--
ALTER TABLE `usuarios`
  ADD CONSTRAINT `fk21` FOREIGN KEY (`id_perfil`) REFERENCES `perfiles` (`id_perfil`) ON UPDATE NO ACTION;

/*!40101 SET CHARACTER_SET_CLIENT=@OLD_CHARACTER_SET_CLIENT */;
/*!40101 SET CHARACTER_SET_RESULTS=@OLD_CHARACTER_SET_RESULTS */;
/*!40101 SET COLLATION_CONNECTION=@OLD_COLLATION_CONNECTION */;
